STATE,NAME,country_code,2020-03-01,2020-03-02,2020-03-03,2020-03-04,2020-03-05,2020-03-06,2020-03-07,2020-03-08,2020-03-09,2020-03-10,2020-03-11,2020-03-12,2020-03-13,2020-03-14,2020-03-15,2020-03-16,2020-03-17,2020-03-18,2020-03-19,2020-03-20,2020-03-21,2020-03-22,2020-03-23,2020-03-24,2020-03-25,2020-03-26,2020-03-27,2020-03-28,2020-03-29,2020-03-30,2020-03-31,2020-04-01,2020-04-02,2020-04-03,2020-04-04,2020-04-05,2020-04-06,2020-04-07,2020-04-08,2020-04-09,2020-04-10,2020-04-11,2020-04-12,2020-04-13,2020-04-14,2020-04-15,2020-04-16,2020-04-17,2020-04-18,2020-04-19,2020-04-21,2020-04-22,2020-04-23,2020-04-24,2020-04-25,2020-04-26,2020-04-27,2020-04-28,2020-04-29,2020-04-30,2020-05-01,2020-05-02,2020-05-03,2020-05-04,2020-05-05,2020-05-06,2020-05-07,2020-05-08,2020-05-09,2020-05-10,2020-05-11,2020-05-12,2020-05-13,2020-05-14,2020-05-15,2020-05-16,2020-05-17,2020-05-18,2020-05-19,2020-05-20,2020-05-21,2020-05-22,2020-05-23,2020-05-24,2020-05-25,2020-05-26,2020-05-27,2020-05-28,2020-05-30,2020-05-31,2020-06-01,2020-06-02,2020-06-03,2020-06-04,2020-06-05,2020-06-06,2020-06-07,2020-06-08,2020-06-09,2020-06-10,2020-06-11,2020-06-12,2020-06-13,2020-06-14,2020-06-15,2020-06-16,2020-06-17,2020-06-18,2020-06-19,2020-06-20,2020-06-21,2020-06-22,2020-06-23,2020-06-24,2020-06-25,2020-06-26,2020-06-27,2020-06-28,2020-06-29,2020-06-30,2020-07-01,2020-07-02,2020-07-03,2020-07-04,2020-07-05,2020-07-06,2020-07-07,2020-07-08,2020-07-09,2020-07-10,2020-07-11,2020-07-12,2020-07-13,2020-07-14,2020-07-15,2020-07-16,2020-07-17,2020-07-18,2020-07-19,2020-07-20,2020-07-21,2020-07-22,2020-07-23,2020-07-24,2020-07-25,2020-07-26,2020-07-27,2020-07-28,2020-07-29,2020-07-30,2020-07-31,2020-08-01,2020-08-02,2020-08-03,2020-08-04,2020-08-05,2020-08-06,2020-08-07,2020-08-08,2020-08-09,2020-08-10,2020-08-11,2020-08-12,2020-08-13,2020-08-14,2020-08-15,2020-08-16,2020-08-17,2020-08-18,2020-08-19,2020-08-20,2020-08-21,2020-08-22,2020-08-23,2020-08-24,2020-08-25,2020-08-26,2020-08-27,2020-08-28,2020-08-29,2020-08-30,2020-08-31,2020-09-01,2020-09-02,2020-09-03,2020-09-04,2020-09-05,2020-09-06,2020-09-07,2020-09-08,2020-09-09,2020-09-10,2020-09-11,2020-09-12,2020-09-13,2020-09-14,2020-09-15,2020-09-16,2020-09-17,2020-09-18,2020-09-19,2020-09-20,2020-09-21,2020-09-22,2020-09-23,2020-09-24,2020-09-25,2020-09-26,2020-09-27,2020-09-28,2020-09-29,2020-09-30,2020-10-01,2020-10-02,2020-10-03,2020-10-04,2020-10-05,2020-10-06,2020-10-07,2020-10-09,2020-10-10,2020-10-11,2020-10-12,2020-10-13,2020-10-14,2020-10-15,2020-10-16,2020-10-17,2020-10-18,2020-10-19,2020-10-20,2020-10-21,2020-10-22,2020-10-23,2020-10-24,2020-10-25,2020-10-26,2020-10-27,2020-10-28,2020-10-29,2020-10-30
1,Alabama,US,8.331,10.398,10.538,10.144,10.982,13.024,11.373,8.513,10.901,10.892,10.954,11.755,12.269,9.379,6.384,9.49,8.263,7.662000000000001,7.862999999999999,8.325,5.233,2.903,5.398,5.519,6.305,6.363,6.956,4.772,2.739,5.148,4.49,5.619,5.876,6.624,4.2410000000000005,1.1909999999999998,4.476,4.3260000000000005,4.519,5.287000000000001,6.14,4.705,0.076,5.278,5.441,5.957999999999998,6.255,7.167000000000002,5.252999999999999,0.523,6.577000000000001,6.622999999999998,4.972,7.584,5.287000000000001,3.543,6.562,6.961,6.0120000000000005,8.113999999999999,9.946,7.787000000000001,6.562,8.03,8.695,10.192,9.17,9.015,8.331,7.1160000000000005,8.113,9.253,8.275,8.451,9.478,8.529,5.85,8.206,8.324,9.386,10.121,11.027,8.658,7.191,6.454,8.732000000000001,9.196,9.564,6.919,6.622999999999998,9.589,8.748,10.029,9.876,10.831,9.461,6.062,8.99,9.879,9.726,10.547,10.55,10.025,6.691,8.597000000000001,9.739,10.316,10.725,11.038,10.004,7.992000000000001,8.255,9.454,8.882,10.456,10.993,10.017,7.5710000000000015,8.926,9.955,9.926,10.925,10.137,7.604,6.8820000000000014,9.397,9.864,10.271,10.54,11.624,10.464,6.988,9.922,10.726,10.175,10.231,11.163,9.662,6.609,8.892999999999997,9.105,9.371,9.516,10.672,8.504,6.568,8.783999999999999,9.126,8.959,9.607,10.268,9.274,6.006,8.487,9.515,9.889,9.529,10.644,9.432,6.5139999999999985,8.963,9.288,9.436,9.654,10.54,9.426,6.465,8.59,9.265,9.217,9.827,11.132,8.912,6.513,8.904,9.114,9.355,9.814,9.92,8.718,5.9529999999999985,8.564,9.522,9.767,10.286,11.586,8.888,6.85,7.4220000000000015,9.199,9.6,9.765,11.159,8.933,6.82,8.961,7.842,7.227,9.511,11.592,9.262,7.085,8.933,9.59,9.646,9.348,11.241,9.065,7.22,9.232,10.201,10.601,11.339,12.398,9.457,7.087999999999999,8.887,9.97,10.226,10.386,6.6789999999999985,6.3370000000000015,8.908,9.883,10.049,10.422,11.758,10.436,7.894,9.57,9.834,9.98,9.908,11.684,8.052999999999999,6.684,8.868,9.398,8.766,9.253,11.41
2,Alaska,US,0.8079999999999999,3.463,3.791,4.003,4.072,4.351,2.337,0.816,3.002,3.524,3.678,3.605,3.884,1.601,0.5589999999999999,2.9760000000000004,2.45,1.81,1.23,1.783,0.04,0.04,0.278,0.16,0.114,0.168,0.278,0.038,0.031,0.052000000000000005,0.08900000000000001,0.067,0.061,0.343,0.048,0.036000000000000004,0.094,0.08900000000000001,0.136,0.063,0.13699999999999998,0.044,0.028,0.064,0.174,0.14800000000000002,0.156,0.667,0.054000000000000006,0.036000000000000004,0.912,1.11,0.762,1.265,0.6559999999999999,0.13,1.341,1.418,1.188,1.676,3.0860000000000003,2.007,1.032,1.182,1.253,1.127,0.6759999999999999,1.22,0.594,0.094,0.388,0.8490000000000001,1.392,1.269,3.5,2.864,1.481,2.168,2.53,3.302,3.2230000000000003,3.737,2.559,1.237,1.565,2.947,3.457,3.554,0.894,1.925,3.3,2.316,3.16,3.284,3.788,3.559,2.708,3.534,2.757,3.743,3.745,3.722,3.382,2.928,3.48,3.045,3.361,3.35,3.915,3.254,2.003,3.114,3.182,3.235,3.455,3.875,3.464,1.929,3.113,3.726,4.1789999999999985,4.485,4.383,2.874,2.45,3.508,3.3480000000000003,3.018,3.395,4.069,3.1660000000000004,2.231,3.492,3.343,3.804,3.668,2.093,0.871,1.702,3.147,3.129,3.168,3.341,3.663,2.392,2.173,3.552,3.583,3.54,3.502,3.751,2.776,1.1,2.946,3.489,3.739,2.989,3.922,3.279,2.404,3.394,3.249,3.466,3.287,3.973,4.083,2.402,3.423,3.491,3.545,3.62,4.532,4.0310000000000015,2.003,3.612,3.474,3.815,3.779,4.471,3.836,2.068,3.224,3.719,3.959,3.79,4.096,3.724,2.451,2.321,3.6010000000000004,3.5660000000000003,3.85,4.069,3.557,2.798,3.678,3.547,3.741,3.673,4.008,3.105,2.176,3.678,3.418,3.524,3.665,3.994,3.552,2.107,3.956,4.24,4.234,4.618,4.273,2.899,1.622,3.28,3.587,3.612,3.687,2.892,1.489,2.888,3.273,3.338,3.383,3.524,3.3960000000000004,1.1,3.214,3.201,3.638,3.848,4.03,2.906,1.208,3.029,3.409,3.312,3.1060000000000003,3.274
4,Arizona,US,4.749,7.555,7.665,7.819,8.359,8.954,7.167000000000002,4.902,7.477,7.438,7.1560000000000015,6.9689999999999985,7.441,5.3870000000000005,3.621,5.885,4.966,3.643,3.091,4.19,1.66,0.6629999999999999,2.246,2.097,2.149,1.874,2.154,0.933,0.206,1.44,1.462,0.875,1.086,1.648,0.625,0.061,0.882,0.991,0.9,1.011,1.875,0.5589999999999999,0.044,0.848,1.04,1.508,1.679,2.321,1.054,0.177,1.197,1.401,1.444,1.7180000000000002,0.758,0.07,1.161,1.32,1.475,2.086,3.572,1.921,0.937,1.5530000000000002,1.775,2.5980000000000003,1.376,2.249,1.474,0.519,0.957,2.032,1.0,1.216,3.366,2.97,1.533,2.944,2.901,4.104,4.453,5.126,3.463,2.513,1.894,4.103,4.0710000000000015,4.055,1.846,2.046,3.933,4.059,4.149,4.13,4.636,4.145,2.138,4.862,4.533,4.618,4.525,3.955,4.089,1.662,2.8280000000000003,3.531,4.335,4.493,4.836,3.28,1.938,2.989,3.958,3.088,4.325,4.188,3.587,2.097,3.717,4.045,4.331,4.325,3.835,2.019,1.226,3.644,3.961,3.936,3.912,4.472,2.962,1.465,3.41,3.958,3.382,3.593,3.029,1.903,1.392,2.955,2.902,3.1180000000000003,2.855,4.06,2.292,1.125,2.898,3.475,3.006,3.44,3.954,2.852,0.862,2.9410000000000003,3.394,3.784,3.033,4.047,3.552,1.5530000000000002,2.987,3.385,3.604,3.694,4.1789999999999985,3.973,1.384,2.694,3.917,3.384,4.051,5.0360000000000005,3.936,2.155,3.669,4.02,4.182,3.797,4.849,3.989,2.065,3.295,4.249,4.71,4.559,4.795,3.734,2.251,2.635,3.6,4.181,4.2360000000000015,5.2639999999999985,4.204,2.68,4.088,3.791,4.519,4.497,5.69,4.157,2.643,3.398,4.143,4.595,4.636,5.283,4.78,2.75,4.3,4.964,5.539,6.11,6.516,4.438,2.457,4.4060000000000015,4.4910000000000005,4.9289999999999985,5.773,4.995,3.176,4.432,4.769,5.135,5.282,5.912000000000001,5.686,3.347,4.996,5.062,5.144,5.575,6.354,5.138,2.987,4.5139999999999985,5.0680000000000005,5.134,5.44,5.784
5,Arkansas,US,7.026,9.268,9.547,9.347,10.079,11.948,10.333,7.334,8.582,9.527,9.225,9.633,9.743,6.541,4.994,7.261,6.732,6.119,6.102,7.268,4.644,1.713,5.149,4.78,5.765,6.095,6.037000000000001,3.0860000000000003,3.304,4.314,4.822,5.306,5.436,5.184,2.818,2.213,4.761,4.81,5.291,5.372000000000001,6.314,3.98,0.542,5.115,5.022,5.84,6.192,6.337999999999999,5.3820000000000014,1.618,6.292000000000002,4.68,6.178,6.214,4.954,3.844,5.744,5.527,6.146,7.237999999999999,8.826,7.188,4.928,6.49,7.466,8.865,7.593,8.156,7.6320000000000014,6.278,6.502000000000002,6.877000000000002,6.682,6.812,7.145,5.734,4.675,7.494,7.233,8.385,8.798,9.345,7.39,5.933,4.847,7.4220000000000015,8.172,7.956,6.194,5.6770000000000005,8.372,7.849,8.695,8.618,10.043,8.814,6.417999999999998,7.371,8.913,8.763,9.21,9.342,8.726,5.808,7.3039999999999985,8.549,9.072,9.406,9.617,7.859,6.502000000000002,7.019,8.417,8.104,9.492,9.68,8.441,6.4460000000000015,7.277,8.847000000000003,9.028,9.491,9.185,6.722,6.2620000000000005,8.41,8.964,9.166,8.863999999999997,10.61,8.471,6.89,8.638,9.078,8.797,8.792,9.064,7.9,5.841,7.667999999999998,8.038,7.865,8.007,9.567,7.167000000000002,5.646,7.576,8.097000000000001,7.6389999999999985,8.169,8.498,8.169,5.312,7.297999999999999,8.243,8.541,8.352,9.244,8.145,5.805,7.829,7.848,8.083,8.494,9.377,8.727,5.773,7.4860000000000015,8.282,8.333,8.882,10.356,8.544,6.214,7.854,8.436,8.095,6.627999999999999,8.794,7.445,4.722,6.9220000000000015,7.612,8.107000000000001,8.807,9.701,7.567,5.894,6.443,7.837999999999999,8.381,8.36,9.609,7.927,5.88,7.991,8.23,8.588,8.952,10.385,8.505,6.386,7.592,7.45,7.702000000000001,8.668,9.956,8.711,6.269,8.064,8.98,9.208,10.016,11.005,8.539,6.0939999999999985,7.5870000000000015,8.621,8.839,9.447,7.3370000000000015,6.152,7.811,8.478,8.591000000000001,9.024,10.295,9.367,6.0920000000000005,7.92,8.307,8.55,8.709,9.995,8.238,5.407,7.0760000000000005,7.678,7.438,8.182,9.906
6,California,US,4.122,6.725,6.8420000000000005,6.827000000000001,7.27,7.649,5.97,4.292,6.339,6.522,6.591,6.159,6.232,3.512,2.195,4.541,3.222,2.8480000000000003,2.003,2.498,0.721,0.267,0.961,0.779,1.046,0.922,1.5530000000000002,0.251,0.05,0.609,0.75,0.807,0.899,1.354,0.23,0.033,0.151,0.354,0.361,0.121,1.011,0.383,0.031,0.512,0.622,0.8,0.96,1.504,0.37,0.111,0.473,0.4970000000000001,0.458,0.723,0.154,0.041,0.408,0.403,0.649,1.051,2.001,0.856,0.523,0.68,0.644,1.087,0.258,1.121,0.258,0.132,0.149,0.383,0.494,0.653,2.113,1.53,0.312,0.892,1.29,2.327,2.424,3.156,1.915,1.311,0.892,2.25,2.508,2.767,1.162,1.147,2.292,2.149,2.655,2.8160000000000003,3.258,2.742,1.625,3.273,2.974,3.109,3.363,3.073,3.175,1.996,2.638,2.536,3.3360000000000003,3.677,4.544,3.397,2.068,2.904,3.537,3.346,3.4610000000000003,3.878,3.1460000000000004,1.87,2.86,3.702,3.659,3.824,3.484,1.715,1.368,3.389,3.1460000000000004,3.325,3.5210000000000004,3.877,2.89,1.994,2.572,2.71,2.518,2.74,1.946,0.469,1.4269999999999998,2.138,2.093,2.269,2.028,2.873,1.6909999999999998,0.845,2.022,2.393,2.048,2.145,2.565,1.955,0.29600000000000004,2.119,2.625,3.007,2.505,3.277,2.45,1.192,2.502,2.693,2.605,2.44,2.909,2.423,0.496,1.817,2.502,1.988,2.51,3.695,2.613,1.149,2.443,2.975,2.776,2.815,3.755,3.1260000000000003,1.425,2.3680000000000003,2.681,3.224,3.044,3.532,2.378,1.337,1.175,2.418,2.643,2.727,3.286,2.404,1.391,2.543,2.347,3.036,2.99,3.866,2.949,1.802,2.7710000000000004,2.582,3.241,3.327,4.09,3.505,1.779,3.0010000000000003,3.657,3.813,4.806,4.695,2.614,1.461,2.295,2.7060000000000004,2.754,3.515,2.92,1.5930000000000002,2.463,2.6910000000000003,2.897,3.092,3.692,3.373,1.722,2.859,2.923,3.07,3.412,4.101,2.942,1.473,2.747,3.1060000000000003,3.004,3.241,3.708
8,Colorado,US,3.884,6.412000000000001,6.914,7.046,7.322999999999999,8.017999999999999,6.42,4.284,6.771,6.95,7.1560000000000015,7.126,6.494,3.974,2.384,4.694,3.2110000000000003,3.151,0.408,1.606,0.411,0.269,1.538,1.3119999999999998,1.463,0.199,0.113,0.041,0.039,0.15,0.568,0.449,0.056,0.282,0.108,0.049,0.441,0.511,0.523,0.4270000000000001,1.163,0.491,0.025,0.038,0.153,0.478,0.037000000000000005,0.922,0.135,0.048,1.036,1.084,1.148,1.328,0.747,0.094,1.495,1.465,1.578,2.1180000000000003,3.448,1.729,1.496,1.922,2.295,3.06,1.953,2.756,2.184,1.506,1.094,2.275,1.608,1.646,2.966,2.872,2.15,3.2110000000000003,2.806,3.841,4.347,5.2,3.471,1.346,2.021,4.2410000000000005,4.29,4.208,2.2880000000000003,2.365,4.282,4.329,4.797,4.621,5.356,3.674,2.875,4.949,4.2639999999999985,5.204,5.2570000000000014,4.814,4.428,2.624,3.937,4.391,5.292999999999998,5.3679999999999986,5.556,4.5310000000000015,3.477,4.337,5.2120000000000015,4.555,5.686,5.5139999999999985,5.1720000000000015,3.978,4.992,5.68,6.024,6.1370000000000005,5.745,3.784,3.708,5.4129999999999985,5.7360000000000015,5.924,6.002000000000002,6.605,5.36,4.0760000000000005,5.165,5.545,5.2620000000000005,5.482,5.559,4.94,3.674,4.787,4.7,4.994,4.724,5.7620000000000005,4.033,3.024,4.5680000000000005,4.81,4.8210000000000015,5.231,5.5310000000000015,4.5680000000000005,2.772,4.383,4.924,5.485,5.01,5.949,5.009,3.307,4.992,5.074,5.218,5.317,5.676,5.171,2.908,4.379,5.122999999999998,4.681,5.4510000000000005,6.223,4.834,3.198,4.732,4.96,4.887,4.837,5.688,4.738,3.196,4.335,4.927,5.444,5.448,5.698,4.646,3.383,3.472,2.9210000000000003,3.612,4.5939999999999985,5.805,5.046,3.427,4.744,4.4460000000000015,5.1320000000000014,5.255,6.404,5.045,3.4760000000000004,4.305,4.5539999999999985,5.1160000000000005,5.291,6.0310000000000015,5.522,3.254,4.933,5.544,5.912000000000001,6.52,6.608,5.098,3.1860000000000004,4.49,4.82,5.225,5.8279999999999985,5.3679999999999986,3.17,4.558,4.9060000000000015,5.215,5.461,6.039,5.693,2.909,4.864,4.967,4.916,5.053,5.5920000000000005,4.703,0.17,1.157,4.004,4.348,5.023,5.494
9,Connecticut,US,4.172,6.7029999999999985,6.615,6.74,7.25,7.54,5.8660000000000005,4.067,6.607,6.638,6.51,6.494,5.7620000000000005,3.85,2.174,4.056,2.6660000000000004,2.5980000000000003,2.174,2.992,0.8490000000000001,0.188,0.092,0.537,0.344,0.997,1.401,0.07,0.033,0.123,0.299,0.462,0.396,0.3720000000000001,0.318,0.05,0.561,0.604,0.17600000000000002,0.063,0.643,0.317,0.042,0.035,0.691,0.65,0.578,1.125,0.047,0.081,0.378,1.289,1.229,0.95,1.5490000000000002,0.041,0.502,1.671,1.422,0.799,1.938,2.178,1.793,1.277,1.89,1.813,1.5319999999999998,1.734,0.861,1.185,0.403,1.485,1.071,1.1840000000000002,2.1790000000000003,2.54,1.4680000000000002,1.793,1.602,2.97,3.258,4.091,1.529,2.2230000000000003,1.171,2.983,3.468,2.629,2.232,1.006,3.414,2.7230000000000003,3.902,3.881,3.739,3.3710000000000004,2.412,3.96,4.184,3.642,3.323,3.982,3.894,2.191,2.984,3.703,4.5680000000000005,4.541,4.874,4.023,3.174,3.409,4.502,3.974,4.805,5.015,3.4360000000000004,2.438,3.04,4.21,4.384,5.2429999999999986,4.3039999999999985,3.582,3.306,4.307,4.516,4.6789999999999985,5.062,4.394,4.211,4.7010000000000005,4.822,6.337999999999999,5.557,5.2810000000000015,6.657,4.748,3.104,3.948,4.3889999999999985,4.182,3.999,5.024,3.849,2.705,3.87,3.981,3.922,3.903,4.096,3.719,1.118,3.03,2.76,4.592,4.5680000000000005,4.899,4.517,2.93,4.392,4.579,4.245,4.1160000000000005,4.99,5.064,1.517,3.743,4.255,4.145,5.011,6.254,4.919,3.466,4.655,5.124,5.246,3.992,5.606,3.4360000000000004,2.966,4.041,4.45,4.453,4.83,5.26,4.393,3.49,2.986,4.199,4.448,3.867,5.044,4.494,3.035,4.074,3.84,4.566,4.642,5.4529999999999985,4.695,3.152,3.956,3.816,4.462,4.683,5.47,5.081,3.315,4.19,4.64,4.9910000000000005,6.081,5.46,4.644,3.2710000000000004,3.149,4.39,4.388,4.543,4.91,3.352,3.27,3.518,4.605,4.91,4.724,4.83,3.205,4.216,4.4060000000000015,4.421,4.4110000000000005,5.0280000000000005,4.148,2.165,3.61,3.861,3.672,3.53,4.006
10,Delaware,US,4.981,8.269,8.322000000000001,8.092,8.654,8.773,7.342,5.37,7.845,7.963999999999999,7.9860000000000015,8.439,8.015,5.126,2.888,5.704,4.496,3.728,3.517,4.59,0.991,0.19,1.758,0.6609999999999999,0.135,1.366,1.789,0.044,0.047,0.8,0.329,0.612,1.034,1.336,0.102,0.054000000000000006,0.5920000000000001,0.5,0.815,0.345,0.978,0.402,0.042,0.047,0.7440000000000001,0.77,0.82,1.639,0.08,0.061,1.11,2.185,1.98,1.3259999999999998,1.52,0.045,1.058,2.192,2.005,1.525,3.016,2.698,0.736,1.957,2.654,2.5380000000000003,2.0540000000000003,2.667,1.711,1.521,1.073,2.122,1.5219999999999998,1.597,3.2310000000000003,2.94,1.258,2.323,1.894,3.2310000000000003,3.983,3.78,2.612,1.806,1.531,4.0,4.23,3.262,3.134,1.3030000000000002,4.834,3.948,5.492000000000001,4.915,5.202000000000001,4.89,3.728,5.621,5.735,5.216,4.8260000000000005,5.085,5.012,3.2430000000000003,4.296,4.678,5.182,5.652,5.792999999999998,4.7010000000000005,3.806,4.641,5.664,5.2429999999999986,5.962999999999999,6.2970000000000015,5.608,3.859,4.55,5.98,5.657,6.181,5.722,4.159,3.923,5.299,5.551,6.3279999999999985,6.365,4.966,5.614,5.197,6.005,7.636,6.214,6.214,7.6560000000000015,5.6960000000000015,3.504,4.749,4.98,4.94,4.812,5.752000000000002,4.501,2.994,4.669,4.756,4.751,4.614,4.477,4.881,1.814,3.424,1.898,5.061,3.958,5.022,5.3889999999999985,3.5780000000000003,5.195,5.306,4.4860000000000015,4.751,5.341,6.0779999999999985,2.041,4.868,5.002,4.637,5.775,7.002999999999999,5.556,3.914,5.551,6.013,6.188,5.822,6.17,3.686,3.719,4.535,5.2,5.886,5.7970000000000015,5.683,4.602,3.919,4.046,5.089,5.006,4.231,5.706,4.916,3.38,4.9030000000000005,4.5539999999999985,5.631,5.124,6.27,5.5939999999999985,3.787,4.409,4.218,5.3870000000000005,5.69,6.25,5.021,3.789,5.494,5.409,6.452000000000001,7.346,7.0870000000000015,5.5920000000000005,3.755,4.029,5.386,5.601,5.557,5.608,2.83,3.564,4.835,5.511,6.009,5.58,6.2029999999999985,3.523,5.228,5.5360000000000005,5.68,5.565,6.5920000000000005,5.51,1.975,4.494,4.934,4.995,4.0139999999999985,5.84
11,District of Columbia,US,3.739,2.798,3.583,3.656,3.902,4.268,3.966,4.506,3.377,3.519,3.623,3.729,4.044,3.1630000000000003,1.112,1.293,0.456,0.349,0.2,0.403,0.043,0.035,0.027000000000000003,0.031,0.025,0.033,0.045,0.022,0.023,0.031,0.025,0.023,0.032,0.035,0.023,0.024,0.027000000000000003,0.025,0.025,0.024,0.028,0.024,0.018000000000000002,0.018000000000000002,0.027000000000000003,0.022,0.022,0.028,0.025,0.023,0.036000000000000004,0.046,0.029,0.032,0.034,0.021,0.028,0.028,0.042,0.027000000000000003,0.07200000000000001,0.19,0.029,0.032,0.036000000000000004,0.027000000000000003,0.032,0.03,0.022,0.027000000000000003,0.027000000000000003,0.024,0.035,0.029,0.16,0.126,0.049,0.049,0.052000000000000005,0.07,0.17,0.158,0.158,0.049,0.081,0.366,0.203,0.064,0.336,0.142,0.56,0.267,0.725,0.267,0.821,0.97,0.451,0.586,0.58,0.6829999999999999,0.5329999999999999,0.98,1.155,0.332,0.254,0.22,0.358,0.404,1.098,0.575,0.294,0.32,0.742,0.639,0.954,1.203,1.4580000000000002,0.561,0.642,1.39,1.564,1.616,3.61,1.97,2.035,1.04,0.904,0.8590000000000001,1.605,2.349,6.42,12.165,3.022,16.668,4.617,1.288,33.851,4.82,1.555,0.512,0.486,0.417,0.6,1.238,0.994,0.31,0.608,0.601,0.723,0.8290000000000001,1.038,1.085,0.341,0.569,0.311,0.8909999999999999,0.691,0.911,1.166,0.5489999999999999,0.85,0.637,0.7020000000000001,1.142,1.605,1.846,0.418,1.376,1.858,0.991,2.28,2.47,2.02,1.264,1.33,1.3969999999999998,1.098,1.17,2.116,1.164,1.023,1.038,1.106,1.574,1.485,2.412,2.486,1.829,1.107,0.95,0.782,0.879,1.926,1.506,1.122,0.925,0.748,1.144,1.227,1.954,2.013,1.246,0.7759999999999999,0.527,1.154,1.1740000000000002,1.596,1.814,1.321,1.233,1.284,2.6460000000000004,2.377,3.006,2.238,1.35,1.166,1.606,1.381,2.352,2.419,1.236,0.726,1.204,1.779,2.574,2.264,2.805,1.497,1.453,1.648,2.002,1.994,2.625,2.629,0.846,0.987,0.901,0.962,0.5329999999999999,2.0980000000000003
12,Florida,US,5.847,8.127,8.147,8.133,8.485,9.065,7.541,5.558,7.855,8.086,8.236,8.323,8.39,6.142,4.27,6.247000000000001,5.416,4.543,4.64,5.033,2.192,0.865,2.741,2.412,2.542,2.301,2.278,0.655,0.142,1.264,1.385,1.6909999999999998,1.919,1.408,0.353,0.039,0.7559999999999999,0.99,1.047,1.142,1.707,0.731,0.04,0.994,1.0659999999999998,1.248,1.3,2.199,0.625,0.141,2.914,3.23,3.057,2.293,1.7009999999999998,0.451,2.9360000000000004,3.274,3.143,3.225,4.657,3.198,1.956,2.959,3.784,4.556,3.556,4.437,3.624,1.795,2.841,3.945,3.073,3.007,4.15,3.813,2.612,3.845,3.775,5.069,5.424,6.381,4.63,2.804,1.742,5.056,5.5760000000000005,5.246,4.6080000000000005,2.415,5.66,5.052,6.039,5.5139999999999985,6.3610000000000015,4.484,2.505,5.8370000000000015,6.4510000000000005,5.855,6.331,5.767,5.58,3.184,4.953,5.246,6.568,6.367000000000001,6.7,5.419,3.756,5.209,6.074,5.745,6.499,6.545,5.473,3.398,5.006,6.0710000000000015,6.018,5.928,5.765,3.59,2.834,5.295,5.971,6.394,6.372000000000001,6.812,5.371,4.339,6.108,7.082999999999998,6.147,6.029,7.794,5.102,3.364,4.99,5.143,5.31,4.918,6.145,4.287,2.681,4.836,5.172999999999999,5.148,5.384,5.59,3.785,0.888,3.935,5.501,5.658,5.214,5.974,5.272,3.042,5.4689999999999985,5.706,5.76,5.884,6.589,5.784,3.0810000000000004,5.26,5.714,5.6629999999999985,6.191,7.34,5.5379999999999985,3.5610000000000004,5.727,6.441,6.524,6.3020000000000005,7.124,5.502999999999999,2.467,5.081,6.002000000000002,6.5920000000000005,6.516,7.0310000000000015,5.2639999999999985,3.93,3.93,5.803,6.072,6.074,6.87,4.56,2.825,5.654,4.709,5.917000000000002,6.335,7.48,5.47,3.373,5.434,5.117,6.343,6.407,7.0710000000000015,5.881,3.792,5.915,6.621,7.385,7.851,7.7639999999999985,5.301,3.156,5.162000000000001,6.347,6.649,6.544,5.619,3.904,5.8039999999999985,6.331,6.643,6.843,7.411,6.515,4.122,6.0379999999999985,6.341,6.439,6.483,7.414,5.818,3.477,5.877999999999999,6.0139999999999985,6.257999999999999,6.461,7.439
13,Georgia,US,7.651,9.768,9.739,9.549,9.845,11.54,10.109,7.459,9.91,9.895,10.235,10.449000000000002,10.295,7.401,4.556,7.337999999999999,6.37,5.615,6.2120000000000015,6.771,4.105,1.4269999999999998,3.438,3.165,3.933,3.892,4.573,2.699,1.005,3.056,2.448,3.419,4.055,3.572,0.8340000000000001,0.212,2.146,2.274,2.431,2.863,3.898,2.73,0.045,2.531,3.245,3.487,3.864,4.802,3.242,0.055,4.43,4.738,3.115,5.379,3.817,1.776,4.69,5.07,4.464,5.8039999999999985,7.362,5.99,4.283,5.607,6.3679999999999986,7.572,6.549,7.019,6.4929999999999986,5.132999999999999,5.666,6.773,5.7429999999999986,5.943,7.16,6.461,4.4510000000000005,5.926,6.027,6.733,7.794,8.804,6.8260000000000005,4.996,4.004,6.875,7.225,7.317,5.7860000000000005,3.925,7.699,6.904,8.509,8.037,8.756,7.582999999999998,4.901,7.626,8.184,7.582000000000002,8.648,8.256,8.087,4.792,6.5379999999999985,7.67,8.62,8.839,9.023,8.015,6.159,6.816,8.058,7.559,8.792,9.209,8.221,5.718,6.9910000000000005,8.282,8.402000000000001,9.004,8.732000000000001,6.149,5.285,7.478,7.893,8.763,8.81,9.779,8.652000000000001,6.658,8.383,9.508,8.717,8.505,10.419,7.947999999999999,5.334,7.302,7.522,7.838999999999999,7.718,8.876,6.7170000000000005,4.99,7.244,7.63,7.527,7.83,8.377,7.405,4.225,6.207000000000002,7.869,8.112,7.697,8.714,7.7360000000000015,5.145,7.355,8.027999999999999,7.902,8.09,8.957,7.811,5.075,7.074,7.682,7.7360000000000015,8.095,9.272,7.701,5.21,7.355,7.814,8.182,8.263,9.154,7.665,4.892,7.0310000000000015,8.104,8.566,8.798,9.669,7.471,5.591,5.454,7.633999999999999,8.175,8.196,9.311,7.454,5.4460000000000015,7.7570000000000014,7.626,7.832999999999998,7.569,9.912,8.085,5.8870000000000005,7.511,7.881,8.537,8.295,9.361,8.232000000000001,5.7570000000000014,7.92,8.44,9.584,10.272,10.678,8.472999999999999,6.041,7.148,8.507,8.838,9.091,6.7360000000000015,4.925,7.605,8.344,8.766,9.117,10.117,9.215,6.525,8.146,8.576,8.736,8.536,9.879,8.014,5.1960000000000015,7.487999999999999,7.814,7.791,7.147,10.07
15,Hawaii,US,4.614,6.59,6.7620000000000005,6.778,7.105,7.508999999999999,6.541,5.32,6.745,7.166,6.95,6.5870000000000015,7.646,6.21,4.546,5.6,4.715,4.97,3.222,4.882,2.369,1.62,3.1010000000000004,1.994,1.645,1.054,1.503,0.424,0.059,1.1840000000000002,1.301,1.467,1.436,1.961,0.787,0.17800000000000002,1.306,1.319,1.308,1.101,1.476,0.365,0.039,1.186,1.116,1.581,1.625,2.1830000000000003,0.843,0.177,1.511,1.638,1.444,1.794,0.991,0.343,1.564,1.67,1.334,1.954,3.232,1.836,1.055,1.318,1.1,0.94,0.638,1.393,0.433,0.226,0.544,0.8290000000000001,1.54,1.615,3.483,3.218,1.82,1.945,2.6060000000000003,3.201,2.883,3.916,3.734,2.713,2.847,3.283,3.412,3.609,0.78,3.425,3.525,2.727,3.345,3.454,3.866,4.256,3.044,4.227,3.2710000000000004,4.024,3.61,3.568,3.934,3.335,3.5410000000000004,3.104,3.626,3.745,4.5139999999999985,5.207999999999998,3.279,3.69,3.904,4.191,3.79,4.636,4.614,3.4760000000000004,4.045,4.005,4.597,4.8439999999999985,4.577,2.907,2.768,4.228,4.16,4.01,3.942,4.721,4.562,3.462,3.545,3.5860000000000003,3.778,3.872,2.803,2.574,2.689,3.478,3.259,3.202,3.482,3.972,2.437,0.035,1.974,3.168,2.7710000000000004,2.9960000000000004,3.342,3.074,1.223,2.818,2.971,3.266,2.7880000000000003,3.36,2.833,1.433,2.648,2.619,2.809,2.378,3.133,3.093,1.122,2.218,2.754,2.3480000000000003,2.792,3.294,2.676,1.45,2.482,2.968,3.024,1.91,2.604,2.286,0.882,1.785,2.254,2.448,2.345,2.551,2.27,1.252,1.257,2.06,2.073,2.104,2.827,2.317,1.365,2.371,2.277,2.508,2.431,3.014,2.555,1.5019999999999998,2.639,2.312,2.443,2.945,3.418,3.836,2.4130000000000003,3.034,3.344,3.8,3.759,3.692,3.66,1.968,3.274,3.0660000000000003,3.319,4.45,3.799,2.171,2.466,2.9130000000000003,3.279,3.162,3.676,3.97,2.143,3.0460000000000003,3.15,3.8,3.876,4.194,4.4110000000000005,3.093,3.55,3.588,3.665,3.489,4.037
16,Idaho,US,2.5660000000000003,5.339,5.396,5.454,5.891,6.319,4.552,2.806,5.331,5.587999999999999,5.738,5.8,6.192,3.387,1.705,4.737,4.187,3.865,3.595,4.017,1.936,0.84,2.729,2.639,2.414,1.483,1.685,0.35200000000000004,0.044,1.063,1.077,1.162,1.209,1.713,0.409,0.044,1.197,1.589,1.885,1.888,2.65,0.741,0.045,1.507,1.656,1.716,2.117,2.908,1.534,0.272,2.296,2.3680000000000003,2.1,2.549,1.4880000000000002,0.321,2.088,2.5540000000000003,2.599,2.799,4.481,3.281,1.599,3.224,3.626,3.741,3.354,4.0360000000000005,3.382,2.221,2.83,3.492,3.185,3.3,4.221,4.044,2.062,3.614,3.731,4.148,4.598,5.229,3.67,3.326,3.962,4.682,4.944,5.235,3.138,3.1660000000000004,4.886,5.045,5.051,5.12,5.724,4.434,1.927,4.931,5.082,5.489,5.7170000000000005,5.1080000000000005,4.306,3.028,4.68,4.41,5.016,5.8889999999999985,6.251,5.452000000000001,3.919,5.239,5.431,5.1960000000000015,5.82,6.093,5.445,3.297,4.749,5.322,5.792000000000002,6.182,6.022,4.392,3.807,5.778,5.489,5.689,5.816,6.329,5.414,3.857,5.077,5.3679999999999986,5.21,5.434,4.8039999999999985,4.18,3.372,4.759,4.6080000000000005,4.632,4.6389999999999985,5.472,4.294,3.049,4.563,4.7810000000000015,4.631,4.948,5.09,4.508,2.443,4.367,4.917,5.477,4.862,5.664,5.039,3.303,5.195,5.182,5.254,5.117,5.8420000000000005,5.232,3.042,4.481,4.879,4.806,5.212999999999999,6.3260000000000005,4.967,3.134,5.12,5.372999999999998,5.055,5.242000000000001,6.081,5.228,3.073,4.546,5.008,5.454,5.528,5.982,4.6530000000000005,3.028,3.985,4.715,5.016,5.167000000000002,5.879,4.799,2.852,4.694,4.64,5.064,5.313,5.882999999999999,4.783,3.06,4.78,4.735,4.981,5.2189999999999985,5.71,5.122000000000001,3.0,5.0760000000000005,5.535,5.84,6.379,6.496,4.794,2.736,4.6960000000000015,4.863,5.034,5.699,4.453,2.444,4.3889999999999985,4.61,4.948,5.144,5.559,5.402,2.6460000000000004,4.816,5.045,4.802,5.151,5.572,3.958,1.6869999999999998,4.184,4.792,4.7189999999999985,5.098,5.372999999999998
17,Illinois,US,5.142,7.0920000000000005,7.263,7.255,7.506,8.22,7.032,5.052,6.599,7.067,7.182,7.147,7.233,4.398,2.8680000000000003,4.977,3.582,2.678,2.574,3.722,0.762,0.038,0.4270000000000001,0.696,1.268,0.805,1.144,0.1,0.046,0.736,0.7120000000000001,1.03,1.209,1.642,0.292,0.077,0.778,1.199,0.927,0.862,1.727,0.78,0.048,0.642,0.738,0.8079999999999999,1.235,1.327,1.15,0.294,1.938,2.028,1.953,2.236,0.441,0.547,1.722,1.938,1.39,2.407,3.85,2.891,1.633,1.906,1.986,3.337,2.526,2.952,2.664,0.879,1.395,2.5540000000000003,1.629,1.019,3.067,2.64,0.201,2.457,2.09,3.498,4.008,4.86,2.748,2.5980000000000003,1.4280000000000002,3.5980000000000003,3.874,3.494,3.275,2.01,3.47,3.704,4.637,4.788,5.462999999999999,4.746,2.91,5.0680000000000005,4.681,4.715,5.502000000000002,5.006,5.002,2.7110000000000003,4.024,4.714,5.746,5.837999999999999,6.254,4.273,3.523,3.824,5.479,5.009,6.146,5.705,5.4,3.915,4.782,5.69,5.968,6.332999999999998,6.235,4.414,3.654,5.313,5.77,5.988,5.9270000000000005,7.027,5.6770000000000005,4.8,5.655,6.518,5.3020000000000005,6.018,7.148,5.501,3.117,4.9460000000000015,4.88,5.319,5.252000000000002,6.403,4.783,3.225,4.436,5.229,4.975,5.04,5.51,4.558,2.416,3.982,5.2189999999999985,5.605,5.141,6.191,5.31,3.103,4.303,5.5710000000000015,5.574,5.5920000000000005,6.317,5.549,3.26,4.6110000000000015,5.337999999999999,5.214,5.7970000000000015,6.79,5.655,3.688,5.25,5.541,5.525,5.472,6.19,5.581,3.663,4.548,4.994,5.763,5.938,6.559,5.311,3.131,3.294,4.205,5.115,5.1560000000000015,6.0710000000000015,4.516,3.725,4.912,4.783,5.78,5.72,7.0,5.936,3.954,4.737,4.964,5.657,5.839,6.659,6.3020000000000005,3.854,4.973,5.984,6.306,6.797999999999999,7.167999999999998,5.5470000000000015,3.454,4.789,5.5120000000000005,5.8870000000000005,6.774,6.153,4.308,4.647,5.332000000000002,5.643,5.834,6.756,6.294,3.109,4.98,5.2970000000000015,5.587999999999999,5.4460000000000015,6.121,5.292999999999998,2.6660000000000004,4.269,4.88,5.169,5.21,6.215
18,Indiana,US,5.497000000000001,7.883999999999999,8.322000000000001,8.167,8.579,9.539,7.864,5.651,7.625,7.817,8.002,8.015,8.453,4.84,3.41,6.232,5.3039999999999985,4.346,4.388,5.097,1.692,0.26,3.144,2.672,1.602,1.686,1.939,0.298,0.068,1.463,1.422,1.604,2.224,2.894,0.72,0.117,1.945,2.198,2.1790000000000003,1.881,2.625,1.426,0.052000000000000005,1.489,1.9,1.94,2.386,2.246,1.867,0.4270000000000001,3.398,3.901,3.22,4.154,1.836,0.6629999999999999,3.66,3.968,3.131,3.914,5.669,4.651,2.44,4.198,4.095,5.445,4.7780000000000005,5.007,4.416,2.803,3.599,5.042,4.118,3.698,5.038,4.692,2.16,4.769,4.255,5.829,6.42,7.561,5.184,4.5,3.632,6.2,6.47,6.013,5.064,3.5660000000000003,6.489,6.126,7.296,6.9060000000000015,7.947,6.591,4.655,7.121,7.089,6.626,7.654,7.129,6.898,4.488,6.089,6.722,7.916,7.938,8.47,6.749,5.084,6.0520000000000005,7.407999999999999,7.1370000000000005,8.215,8.234,6.644,5.207999999999998,6.393,7.479,7.676,8.043,7.64,5.825,5.197,7.01,7.41,7.858,7.771,8.796,7.516,6.119,7.401,8.135,7.544,7.496,8.728,6.9670000000000005,4.311,6.52,6.6160000000000005,6.7410000000000005,6.789,8.138,6.113,4.703,5.8870000000000005,6.6179999999999986,6.629,6.351,7.04,5.274,3.377,5.271,6.84,7.237,6.715,7.814,6.917000000000002,4.558,5.989,6.843,6.845,6.86,7.904,7.217,4.377,6.209,6.622999999999998,6.822,7.247000000000001,8.526,7.026,4.87,6.6610000000000005,7.28,7.108,7.144,7.8,6.894,4.498,6.0710000000000015,6.749,7.244,7.375,8.234,6.385,4.447,4.145,6.414,6.956,6.947,7.96,6.587999999999999,4.865,6.665,6.515,7.433,7.491,8.697000000000001,7.292000000000002,5.151,6.501,6.518,7.15,7.445,8.426,7.797999999999999,5.312,6.515,7.624,8.044,8.693,9.019,7.089,4.184,5.8679999999999986,7.209,7.392,7.933,7.206,4.908,5.941,6.772,7.142,7.085,8.363999999999999,7.497999999999998,4.422,6.148,6.577000000000001,6.813,6.974,7.808,6.309,3.69,5.95,6.0139999999999985,6.5360000000000005,6.336,7.859
19,Iowa,US,4.687,6.77,6.941,6.825,7.24,8.717,7.162000000000001,4.7330000000000005,6.292000000000002,6.9060000000000015,7.106,7.356,8.556000000000001,4.849,3.133,5.572,4.855,3.572,3.395,4.102,1.5730000000000002,0.405,2.692,2.674,2.77,2.742,2.963,0.914,0.332,2.616,2.704,2.722,2.599,2.373,1.453,0.8009999999999999,2.171,2.975,2.544,2.321,3.364,1.521,0.043,2.0540000000000003,2.258,2.456,2.46,2.975,2.196,1.031,3.437,3.632,3.816,3.622,2.5980000000000003,1.644,3.268,3.2,3.008,4.586,5.98,4.303,3.557,3.547,3.466,5.278,4.294,5.336,4.646,2.608,3.266,4.517,3.142,3.119,5.5360000000000005,3.997,2.043,4.0939999999999985,4.093,5.171,5.862,7.213999999999999,4.758,3.575,2.722,4.606,5.577000000000001,5.308,3.8,3.657,5.194,5.3679999999999986,6.273,6.249,7.547999999999999,6.69,4.63,6.322,5.569,5.707999999999998,6.806,7.0470000000000015,6.872000000000001,4.267,5.433,6.494,7.057,7.117000000000001,7.068,5.912000000000001,5.513,4.771,6.934,6.347,7.551,7.688,7.433,5.541,6.339,6.919,7.2120000000000015,8.032,7.92,5.572,4.817,6.372000000000001,6.9460000000000015,7.217,6.791,8.791,6.997000000000001,6.292000000000002,6.667999999999998,6.513,6.148,7.051,7.1770000000000005,5.922999999999999,4.649,5.7429999999999986,5.778,6.347,6.198,7.758999999999999,5.784,4.0,5.667999999999998,6.235,5.931,6.385,7.352,6.408,3.85,5.169,6.082999999999998,6.402,5.9270000000000005,7.99,6.692,4.041,5.74,7.487999999999999,7.042000000000002,6.898,7.717,7.337999999999999,4.688,5.53,6.239,6.087999999999999,6.714,8.211,6.558,4.799,5.9,6.185,6.175,6.332000000000002,7.566,6.718,4.603,5.261,6.148,6.479,6.78,8.014,6.235,3.838,4.086,5.026,5.381,5.62,6.757999999999999,5.399,4.504,5.9860000000000015,6.034,6.3260000000000005,6.8,8.361,6.984,4.783,5.502999999999999,6.049,6.104,6.659,7.84,7.3,4.006,6.091,7.044,6.957000000000002,7.938,8.574,6.252999999999999,4.343,5.605,6.506,6.426,8.043,7.568,5.085,5.843,6.316,6.306,6.78,8.08,7.666,3.753,5.575,5.82,6.245,5.697,7.516,5.595,2.184,4.5539999999999985,5.477,5.926,6.202000000000001,7.612999999999999
20,Kansas,US,5.146,7.042999999999998,7.326,7.352,7.832999999999998,9.268,7.8370000000000015,5.207999999999998,6.7360000000000015,7.4289999999999985,7.834,7.8889999999999985,7.996,4.682,2.841,5.275,4.634,4.121,3.949,4.444,2.123,0.785,3.178,2.21,2.63,2.39,2.664,1.265,0.871,1.663,2.11,2.219,2.026,1.76,0.929,0.386,1.786,2.386,2.44,2.23,2.837,1.774,0.041,1.6669999999999998,2.022,2.502,2.019,2.702,2.176,0.97,3.174,2.5380000000000003,3.472,2.859,2.625,1.4509999999999998,3.033,3.063,3.169,4.052,5.265,3.772,2.649,2.88,4.216,5.138,3.633,4.838,4.088,3.162,2.898,3.744,2.8110000000000004,3.264,4.272,3.823,3.0810000000000004,4.666,4.553,5.488,5.6720000000000015,6.515,5.439,3.565,2.131,4.747,5.726,5.144,4.07,3.615,5.7639999999999985,5.483,6.312,6.25,7.438,6.2970000000000015,3.992,6.176,6.143,6.231,6.694,6.784,6.398,3.802,5.1320000000000014,6.097,6.6320000000000014,6.837999999999999,6.399,5.789,4.7010000000000005,5.359,6.619,6.079,6.979,7.5379999999999985,6.32,4.705,5.675,6.6629999999999985,6.874,7.262,6.5779999999999985,4.793,3.754,5.997999999999998,6.517,6.7,6.363,7.894,5.8,4.879,6.032,6.2189999999999985,5.864,6.277,6.3279999999999985,5.295,3.475,5.05,5.206,5.742000000000001,5.684,6.948,5.206,3.645,4.807,5.4620000000000015,4.9860000000000015,5.1789999999999985,6.129,5.392,3.113,4.814,5.732,6.1560000000000015,5.772,6.715,5.664,3.19,5.21,5.829,5.841,5.949,6.847,6.1560000000000015,3.4210000000000003,4.907,5.619,5.444,6.029,7.38,5.808,4.005,5.631,5.997000000000001,6.0520000000000005,5.9620000000000015,7.037000000000001,5.089,3.782,4.874,5.83,6.229,6.704,7.482,5.412000000000001,3.798,3.679,5.077,5.225,5.346,6.546,5.78,4.084,5.492000000000001,5.568,6.05,6.534,7.627000000000002,6.372999999999998,3.919,5.165,5.664,5.874,6.247999999999998,7.216,6.678,3.201,5.613,6.462999999999999,6.723,7.412000000000001,7.905,6.273,4.032,5.218,5.9060000000000015,6.0120000000000005,7.122999999999998,6.766,3.966,5.244,5.808,6.057,6.54,7.586,7.273,3.669,5.43,5.7189999999999985,5.591,5.707000000000002,7.045,5.898,2.532,3.064,4.13,4.945,5.7860000000000005,7.0710000000000015
21,Kentucky,US,6.478,8.122,8.331,8.618,9.063,9.822,8.522,6.603,8.289,8.323,8.586,8.183,8.852,5.245,3.792,6.473,5.693,5.007,4.9460000000000015,5.7029999999999985,2.469,1.148,3.832,2.822,3.698,3.79,3.888,2.314,1.218,2.819,2.2880000000000003,2.579,3.124,3.893,2.34,1.067,2.96,3.01,2.8960000000000004,3.003,3.653,2.507,0.069,2.224,2.641,3.169,3.438,3.656,2.684,0.904,3.951,4.418,3.205,4.559,2.13,0.489,4.042,4.283,3.572,4.773,6.476,5.332000000000002,2.95,4.8439999999999985,4.474,5.8889999999999985,5.301,4.965,4.8039999999999985,4.158,4.323,5.425,3.92,4.851,5.648,4.791,3.5380000000000003,4.777,4.387,6.198,6.722,8.08,5.936,5.0539999999999985,4.535,6.54,6.912000000000001,6.835,5.242000000000001,4.28,7.272,6.28,7.959,7.082999999999998,8.262,7.225,5.336,7.383999999999999,7.426,7.135,8.087,7.711,7.472,4.655,6.375,7.14,7.897,7.987999999999999,8.458,7.239,5.523,6.313,7.695,7.241,8.324,8.687999999999999,7.0920000000000005,4.667,6.2189999999999985,7.316,7.805,8.644,8.551,6.863,5.872999999999998,7.394,7.859,8.289,8.218,9.189,8.157,6.393,7.822999999999999,8.978,8.096,7.694,9.108,7.316,5.186,6.627000000000002,6.9129999999999985,6.829,6.562,8.225,6.225,4.707,6.5,6.725,6.686,6.172999999999999,6.801,5.556,3.706,5.686,6.975,7.449,7.018,8.148,7.415,5.142,6.533,7.104,6.965,7.0360000000000005,7.842,7.4060000000000015,4.583,6.396,6.527,7.0520000000000005,7.494,8.759,6.742000000000001,5.409,7.0120000000000005,7.134,7.147,7.0779999999999985,7.57,6.686,4.772,5.89,6.9,7.215,7.13,8.19,6.704,5.455,5.456,6.685,7.239,7.098,8.195,6.9110000000000005,4.833,6.886,6.814,7.544,7.7189999999999985,8.927999999999997,7.744,5.872000000000001,6.5310000000000015,6.681,6.942,7.268,8.405,8.0,5.898,6.789,7.841,8.341000000000001,9.116,9.823,7.881,5.192,6.103,7.305,7.657,7.997999999999998,6.636,4.623,6.509,7.2639999999999985,7.577000000000001,7.642,8.846,8.45,5.246,6.565,6.8420000000000005,7.487999999999999,7.5,8.414,6.877000000000002,4.349,6.355,6.617000000000001,6.8020000000000005,6.5310000000000015,8.242
22,Louisiana,US,6.9110000000000005,9.369,9.417,8.735,9.896,11.032,9.553,7.342,9.045,9.374,9.504,9.772,10.028,7.58,5.6110000000000015,7.885,6.648,6.03,6.086,6.448,3.547,2.008,4.205,2.899,3.571,3.61,4.15,2.267,1.336,2.855,3.074,3.449,3.435,4.1110000000000015,1.982,1.269,3.228,3.268,3.689,3.986,3.972,3.018,0.124,3.772,3.918,4.368,4.582,5.2120000000000015,2.978,0.764,4.922,4.6530000000000005,4.574,5.643,4.0280000000000005,2.576,5.017,4.767,4.465,6.197,7.55,5.67,4.434,5.7639999999999985,6.482,7.581,6.667999999999998,6.352,5.68,4.9860000000000015,5.674,6.72,5.7,5.035,6.604,5.504,4.029,6.972,6.76,7.547999999999999,8.267999999999999,9.039,6.608,5.395,4.524,7.215,8.075,7.935,5.497000000000001,4.837,7.886,7.242000000000001,8.215,8.322000000000001,9.003,7.274,2.536,6.332999999999998,8.416,8.116,8.744,8.673,8.061,5.42,7.1770000000000005,8.052999999999999,8.7,8.984,9.015,7.723,6.077000000000001,6.521,7.975,6.933,8.23,8.777999999999999,7.622000000000001,5.6370000000000005,7.228,8.352,8.497,8.929,7.824,5.9510000000000005,4.6160000000000005,7.216,7.758999999999999,8.62,8.71,9.392,7.927,6.329,8.121,8.822000000000003,8.275,7.984,9.069,7.064,4.805,7.241,7.506,7.686,7.559,7.891,5.666,3.945,6.7010000000000005,7.246,7.386,7.798999999999999,8.046,6.707000000000002,4.041,6.782,7.891,8.095,7.841,8.687999999999999,7.194,4.841,7.58,7.904,7.768,7.871,8.674,7.374,4.799,7.18,7.704,7.841,8.222999999999999,9.504,7.331,5.664,6.042000000000002,7.08,6.117000000000001,2.75,8.474,7.56,5.495,7.794,8.634,8.945,8.972999999999997,9.629,7.485,5.771,6.025,7.886,8.458,8.339,9.233,7.0760000000000005,5.4929999999999986,7.256,6.559,8.4,8.76,9.743,7.155,5.095,7.0779999999999985,7.567,7.605,8.552,9.523,7.934,5.999,8.033,9.054,9.316,10.111,10.56,8.14,5.806,7.4620000000000015,8.684,9.049,3.582,5.854,5.62,7.735,8.488999999999999,8.772,8.964,9.963,9.231,6.537000000000001,8.382,8.65,8.838,8.777000000000001,9.668,8.226,5.622999999999998,7.84,8.437000000000001,5.8679999999999986,8.216000000000001,9.561
23,Maine,US,4.046,6.941,7.122000000000001,6.599,7.467,8.242,5.772,4.165,6.62,6.72,7.217,7.457999999999998,6.61,4.51,2.51,4.86,3.425,3.05,2.423,3.031,0.644,0.134,1.415,0.5539999999999999,1.508,1.544,1.789,0.456,0.042,0.08900000000000001,1.01,1.233,0.056,0.124,0.094,0.047,0.519,0.705,0.794,0.095,0.8170000000000001,0.7559999999999999,0.041,0.063,1.151,1.208,1.12,1.813,0.172,0.126,1.457,1.896,2.664,2.365,1.916,0.149,0.45,2.026,2.457,2.804,2.715,3.404,2.49,2.827,3.294,4.454,3.333,4.59,0.936,2.306,2.369,3.378,2.822,3.46,3.468,3.899,3.507,4.057,3.29,5.135,5.738,7.065,4.279,3.627,2.486,4.86,5.4910000000000005,5.0360000000000005,2.615,0.966,5.149,3.913,6.232,5.965,6.7189999999999985,4.032,3.34,6.1770000000000005,6.097,5.33,4.937,6.016,5.158,3.63,4.886,5.505,6.707999999999998,6.799,6.634,5.49,5.658,4.817,6.346,5.457000000000002,6.707999999999998,6.78,5.355,4.148,3.0210000000000004,5.43,6.087999999999999,6.8439999999999985,6.325,4.717,4.601,6.382999999999999,6.613,6.365,7.0070000000000014,7.766,4.768,5.676,6.218,5.55,6.5520000000000005,6.9510000000000005,6.355,5.235,4.6789999999999985,5.904,6.1389999999999985,6.011,5.1110000000000015,6.84,5.012,4.182,5.192,5.324,5.468,5.045,5.707000000000002,4.836,2.452,4.155,5.086,5.7429999999999986,5.716,6.608,6.136,4.4510000000000005,5.935,6.125,5.7860000000000005,5.777,6.947,6.894,4.015,5.527,4.828,5.892,6.646,7.944,6.6320000000000014,5.228,6.0760000000000005,6.332999999999998,6.903,6.726,7.86,4.159,3.513,5.204,5.84,6.385,6.402,6.982,4.944,4.559,5.359,5.8020000000000005,5.721,5.481,6.68,5.694,4.229,5.596,5.08,6.4060000000000015,6.026,7.496,5.935,4.2810000000000015,5.095,4.44,5.912000000000001,6.127000000000002,7.166,6.513,4.768,5.309,6.5310000000000015,6.315,8.148,7.364,5.415,4.077,3.794,5.71,5.376,5.472,6.015,4.36,5.457999999999998,4.549,5.852,6.2189999999999985,6.131,4.062,3.44,5.3039999999999985,5.327000000000001,5.212999999999999,5.459,6.6110000000000015,4.587,2.307,4.303,4.445,4.348,5.002,6.046
24,Maryland,US,4.548,7.757999999999999,7.724,7.912000000000001,8.306000000000001,8.344,6.3279999999999985,4.552,7.555,7.66,7.901,7.763,7.381,4.214,1.764,4.56,3.02,2.31,2.394,3.094,0.314,0.06,0.322,0.301,0.06,0.505,0.89,0.04,0.038,0.639,0.038,0.046,0.063,0.215,0.044,0.036000000000000004,0.078,0.06,0.087,0.052000000000000005,0.108,0.059,0.031,0.037000000000000005,0.07200000000000001,0.079,0.096,0.447,0.045,0.037000000000000005,0.315,0.6859999999999999,0.461,0.483,0.28800000000000003,0.031,0.241,0.409,0.805,0.07400000000000001,1.48,1.152,0.073,0.454,0.563,0.371,0.568,0.74,0.206,0.23,0.085,0.414,0.287,0.276,1.78,1.595,0.24,0.823,0.594,1.6469999999999998,2.177,2.341,1.944,0.7859999999999999,0.608,2.32,2.52,1.571,1.849,0.41,2.958,2.18,3.608,2.826,3.25,3.1060000000000003,1.56,3.377,3.62,3.0,3.167,3.524,3.533,1.172,2.375,2.784,3.378,3.656,4.214,2.858,2.162,2.427,3.734,3.741,4.371,4.897,4.102,2.081,3.009,4.53,4.472,4.883,4.923,3.344,2.142,3.63,4.025,5.062,4.772,5.183,4.646,3.825,4.453,6.007999999999999,5.0139999999999985,4.585,6.651,4.3,2.177,3.102,3.516,3.3160000000000003,3.477,4.404,3.31,1.711,3.2310000000000003,3.572,3.367,3.4160000000000004,3.292,3.06,0.797,2.127,1.3869999999999998,3.93,2.964,3.784,3.711,1.843,3.65,3.783,3.372,3.302,4.3610000000000015,4.348,0.971,3.434,3.884,3.745,4.845,5.727,4.377,2.544,4.098,4.648,4.878,4.519,4.9860000000000015,2.823,2.1790000000000003,2.574,3.375,4.333,3.924,4.902,4.086,2.964,2.516,3.42,3.65,2.99,4.734,4.0710000000000015,2.382,3.579,3.17,4.573,4.065,5.37,4.731,2.673,3.156,3.093,4.383,4.174,4.9910000000000005,4.273,2.471,4.007,4.11,5.352,5.7860000000000005,5.87,4.777,2.535,2.853,4.024,4.578,4.47,4.62,1.693,2.306,3.618,4.5710000000000015,4.849,4.955,5.284,2.662,3.938,4.305,4.637,4.348,5.497000000000001,4.6389999999999985,1.081,3.189,3.758,4.21,2.8110000000000004,4.98
25,Massachusetts,US,3.826,6.033,6.059,5.959,6.465,6.834,5.291,3.893,5.818,5.948,5.938,5.792000000000002,5.237,3.412,1.761,3.155,1.595,1.716,0.991,2.27,0.376,0.068,0.225,0.08,0.056,0.224,0.527,0.067,0.029,0.044,0.076,0.063,0.054000000000000006,0.044,0.064,0.039,0.112,0.196,0.051,0.039,0.192,0.084,0.036000000000000004,0.031,0.154,0.068,0.067,0.304,0.032,0.051,0.106,0.337,0.7170000000000001,0.133,0.613,0.037000000000000005,0.05,0.476,0.76,0.364,0.8959999999999999,1.321,1.022,0.525,0.812,0.973,0.402,0.994,0.08800000000000001,0.292,0.06,0.4270000000000001,0.236,0.504,1.085,1.595,0.726,0.8640000000000001,0.669,1.968,2.38,3.302,1.3430000000000002,1.328,0.52,2.212,2.716,2.115,1.611,0.374,2.435,1.889,3.0980000000000003,2.991,2.9560000000000004,2.347,1.214,3.09,3.0580000000000003,2.884,2.645,3.115,3.177,1.586,2.202,2.71,3.693,3.879,4.188,3.297,2.422,2.584,3.755,3.096,4.1560000000000015,4.198,3.1010000000000004,1.68,2.169,3.611,3.698,4.456,3.983,2.837,2.323,3.565,4.022,4.184,4.427,4.284,3.649,3.876,3.796,4.617,4.482,4.5360000000000005,5.186,3.88,2.587,3.41,3.671,3.509,3.109,4.337,3.36,2.207,3.224,3.318,3.162,3.152,3.543,3.148,0.995,2.563,2.774,3.574,3.53,3.841,3.573,2.237,3.591,3.706,3.486,3.57,4.1930000000000005,4.085,1.238,3.189,3.532,3.474,4.478,5.4060000000000015,4.137,2.839,3.848,4.341,4.562,3.755,4.938,2.904,2.518,3.273,3.782,3.855,4.117,4.725,3.622,3.006,2.625,3.753,3.69,3.414,4.4110000000000005,3.828,2.343,3.359,3.027,3.772,3.806,4.5760000000000005,4.009,2.528,2.87,2.641,3.542,3.902,4.613,4.467,2.486,3.255,3.942,4.165,5.0280000000000005,4.71,4.01,2.542,2.476,3.597,3.602,3.887,4.192,2.809,2.475,2.524,3.743,4.127,4.1160000000000005,3.914,2.476,3.3560000000000003,3.63,3.638,3.737,4.3889999999999985,3.555,1.454,2.676,3.027,2.744,2.874,2.978
26,Michigan,US,4.5760000000000005,7.85,7.866,7.987,8.31,8.943999999999997,7.024,4.822,7.54,7.677,7.891,7.669,7.3279999999999985,4.007,2.274,5.058,3.898,3.0460000000000003,3.04,3.342,0.474,0.071,1.771,0.049,0.16699999999999998,0.057,0.151,0.035,0.036000000000000004,0.045,0.05,0.057,0.268,0.449,0.043,0.043,0.071,0.055,0.18600000000000005,0.05,0.07200000000000001,0.06,0.033,0.041,0.051,0.05,0.064,0.061,0.069,0.042,0.222,0.404,0.4270000000000001,1.081,0.276,0.121,1.036,1.482,0.557,1.38,3.39,2.375,1.815,1.6840000000000002,1.873,3.075,2.049,2.303,1.537,0.73,0.8029999999999999,2.352,1.749,0.316,2.742,2.9810000000000003,0.17,1.823,2.005,4.235,4.912,5.341,3.524,2.932,2.366,4.42,4.589,3.787,3.377,2.161,4.933,4.561,5.73,5.69,6.252000000000002,5.087,3.393,6.0870000000000015,6.289,4.623,6.34,5.735,5.72,3.427,5.144,5.6160000000000005,7.0470000000000015,7.0070000000000014,7.48,5.527,4.299,5.249,6.16,6.234,7.43,7.006,6.247000000000001,5.1789999999999985,5.783,6.803,7.019,7.2120000000000015,6.5939999999999985,4.824,4.622,6.351,6.544,7.132999999999999,6.725,6.961,6.4289999999999985,5.612,6.693,7.337999999999999,6.6789999999999985,6.515,8.181000000000001,5.864,3.254,5.924,6.011,6.193,6.255,7.342,5.4129999999999985,4.0680000000000005,5.5070000000000014,6.001,5.884,6.211,6.391,4.954,2.15,4.632,6.04,6.586,6.164,7.105,5.846,3.966,5.694,6.1960000000000015,6.432,6.484,7.223,6.407,3.611,5.785,6.221,6.405,6.9929999999999986,8.26,6.4289999999999985,4.852,6.5360000000000005,6.92,6.359,6.702000000000001,6.574,5.9220000000000015,4.1110000000000015,5.5920000000000005,5.957999999999998,6.692,7.058,7.398,5.025,3.865,4.03,5.079,5.9289999999999985,6.074,7.225,5.564,4.1160000000000005,5.933,5.581,6.712999999999999,6.763,7.987999999999999,6.15,4.501,5.694,5.561,6.513,6.7010000000000005,7.642,6.75,4.609,5.6179999999999986,6.837999999999999,7.101,7.726,7.956,5.994,3.34,5.144,6.209,6.615,7.149,6.572,4.774,5.617000000000001,6.089,6.364,6.549,7.541,6.813,3.452,5.726,6.091,6.178,5.908,6.935,5.3870000000000005,2.866,5.1389999999999985,5.292000000000002,5.749,5.916,6.877999999999999
27,Minnesota,US,4.356,7.206,7.267,7.3889999999999985,7.813,8.732000000000001,6.44,4.2780000000000005,6.984,7.217,7.476,7.265,7.396,4.088,2.264,4.811,3.813,2.452,1.982,2.7960000000000003,0.135,0.05,1.414,1.069,1.197,1.5659999999999998,1.819,0.034,0.032,0.344,0.524,0.469,0.463,0.2,0.077,0.051,0.401,0.79,0.494,0.275,1.269,0.449,0.026,0.081,0.11,0.484,0.69,1.473,0.628,0.059,1.838,2.638,2.431,2.678,1.499,0.375,1.943,1.252,2.004,3.53,4.465,3.3160000000000003,2.338,2.422,2.287,3.548,2.56,3.512,2.06,1.054,1.565,2.738,1.203,2.048,4.293,2.405,0.333,3.255,3.13,4.603,5.041,6.438,2.972,2.448,2.0340000000000003,3.873,4.967,4.617,2.798,2.5660000000000003,4.877,4.186,5.965,5.795,7.082999999999998,5.165,3.259,5.848,5.308,5.291,6.287000000000001,5.966,5.332999999999998,3.105,4.3210000000000015,5.126,6.3420000000000005,5.682,7.394,4.387,4.0680000000000005,4.964,6.053,5.779,7.037000000000001,7.098,6.234,4.475,4.955,6.547999999999999,6.725,7.221,6.289,3.832,3.919,5.3889999999999985,6.268,6.045,6.224,8.19,5.151,5.509,6.006,5.87,6.363,6.768,6.674,3.857,4.48,5.515,5.332000000000002,6.144,5.962999999999999,7.298999999999999,4.104,3.379,5.377999999999999,5.731,5.58,6.042999999999998,6.7360000000000015,4.857,3.102,4.671,5.827000000000001,6.167000000000002,5.709,7.0070000000000014,4.782,2.7880000000000003,5.307,6.023,5.606,6.08,6.771,6.525,4.136,5.422999999999999,6.119,5.893,6.944,8.334,5.812,4.9030000000000005,5.876,6.363,6.4270000000000005,6.566,7.042999999999998,6.29,4.328,4.97,6.183,6.811,6.937,7.7189999999999985,5.103,3.793,3.58,5.183,5.6,6.018,7.193,5.21,4.02,5.384,5.134,6.113,6.295,7.9220000000000015,6.1610000000000005,4.383,4.961,5.282,5.933,6.047999999999999,7.51,6.443,4.255,5.5870000000000015,6.5539999999999985,6.899,7.608,7.942,5.615,3.776,4.9030000000000005,5.8889999999999985,6.214,7.513,6.7120000000000015,4.004,5.037,5.7170000000000005,6.22,6.805,7.353,5.7410000000000005,3.109,5.353,4.147,5.398,4.381,6.492000000000001,4.684,1.693,4.519,5.046,5.184,5.727,6.687
28,Mississippi,US,8.814,11.147,11.205,10.345999999999998,11.958,14.276,12.394,9.186,11.485,11.489,11.720999999999998,12.319,12.508,9.604,6.813,9.889,9.033,8.42,8.436,8.704,5.574,2.673,6.289,5.776,6.455,6.772,7.487999999999999,4.751,3.258,5.547999999999999,5.5379999999999985,6.3610000000000015,6.549,6.58,2.61,1.778,4.982,4.61,5.255,5.7410000000000005,6.456,4.788,0.07400000000000001,5.669,5.892,6.478,6.75,7.588999999999999,5.4060000000000015,0.675,6.95,6.528,6.1370000000000005,7.915,5.266,3.648,7.1110000000000015,7.23,6.591,8.677,10.235,7.834,6.145,8.355,9.021,10.451,9.324,8.963,8.587,7.097,8.495,9.559,8.41,8.272,9.548,8.389,5.43,8.897,8.863999999999997,9.813,10.583,11.677,8.898,7.44,6.408,9.37,9.855,10.207,7.127000000000002,6.5710000000000015,10.403,9.226,10.654000000000002,10.624,11.513,10.336,5.648,8.517000000000001,10.628,10.546,11.31,11.255,10.442,6.997000000000001,9.277,10.586,11.093,11.446,11.741,10.442,8.633,8.807,10.438,9.392,11.056,11.800999999999998,10.612,8.177999999999999,9.369,10.966,10.825,11.393,11.063,7.834,7.131,10.216,10.515999999999998,10.699000000000002,11.22,12.525,10.765,8.336,10.701,11.616,10.793,10.827,11.899,10.063,6.849,9.744,9.977,9.952,10.084,11.135,8.356,6.4510000000000005,9.247,9.801,9.779,10.385,11.043,9.627,6.197,9.175,10.26,10.442,10.272,11.324000000000002,9.771,6.832999999999998,9.758,10.155,9.968,10.084,11.333,9.875,6.525,9.16,9.638,9.821,10.238,11.877,9.55,7.061,8.943,9.571,9.691,9.448,10.978,9.412,6.399,9.147,10.206,10.5,10.984000000000002,12.198,9.074,7.1,7.439,9.676,10.156,10.422,11.818,9.189,6.9460000000000015,9.635,8.0,9.559,11.002,12.63,9.992,7.396,9.586,10.112,9.706,10.319,11.967,10.283,7.834,10.102,11.143,11.334,12.465,13.561,10.592,7.981,9.48,10.901,11.047,10.283,7.166,6.852,9.665,10.606,10.552,10.99,12.586,11.572,8.385,10.236,10.529000000000002,10.576,10.605,12.442,10.011,6.981,9.453,9.99,8.565,10.078,11.993
29,Missouri,US,6.634,8.978,9.374,9.255,9.761,11.002,9.226,6.658,8.398,9.149,9.435,9.341,10.136,6.172999999999999,4.275,7.276,6.636,5.265,4.743,5.675,2.74,0.63,3.372,1.965,3.055,2.92,2.998,1.346,1.0,2.357,2.6180000000000003,2.847,2.8,2.8,0.987,0.42,1.848,2.533,2.696,2.523,3.471,1.847,0.057,2.152,2.4730000000000003,2.997,2.994,3.333,2.863,1.233,3.981,3.446,3.544,3.919,2.158,2.142,3.642,3.735,3.589,5.09,6.466,5.037,3.006,3.731,5.166,6.555,5.2010000000000005,6.063,5.501,4.4830000000000005,4.251,5.103,3.822,4.3180000000000005,5.431,4.615,3.394,5.516,5.3420000000000005,6.542999999999998,7.205,7.938,6.183,4.691,3.404,6.089,6.524,6.269,4.914,4.702,6.9689999999999985,6.689,7.592,7.309,8.425,7.278,5.275,7.2810000000000015,7.066,7.513,8.065,7.919,7.497999999999998,5.009,6.159,7.319,8.102,8.405,8.416,6.692,6.435,6.149,7.877999999999999,7.316,8.503,8.851,7.4289999999999985,6.06,6.877000000000002,7.603,7.954,8.695,8.08,5.815,5.698,7.497000000000001,7.947999999999999,8.302999999999999,8.17,9.646,7.541,6.622000000000001,7.683,8.164,7.3439999999999985,7.994,8.267000000000001,6.858,4.9289999999999985,6.449,6.57,7.061,6.994,8.503,6.169,4.953,6.057,6.994,6.4270000000000005,6.698,7.176,6.206,4.009,6.074,7.1370000000000005,7.6389999999999985,7.1160000000000005,8.266,6.759,4.636,6.471,6.93,7.26,7.284,8.277999999999999,7.223,4.878,6.2970000000000015,7.026,7.103,7.669,8.977,7.138,5.301,6.877999999999999,7.233,7.234,7.1629999999999985,8.408999999999999,6.613,4.884,6.009,6.792999999999998,7.499,7.735,8.684,6.5870000000000015,4.871,5.2170000000000005,6.482,7.001,6.912000000000001,8.226,6.835,5.164,6.849,6.9110000000000005,7.461,7.786,9.106,7.614,5.306,6.332000000000002,6.8820000000000014,7.237,7.576,8.708,8.115,4.8210000000000015,6.885,7.84,8.232999999999999,8.814,9.516,7.4529999999999985,5.057,6.317,7.395,7.693,8.542,8.142000000000001,5.6770000000000005,6.671,7.256,7.593,7.772,8.891,8.825,4.988,6.621,7.0070000000000014,7.134,7.53,8.445,7.292000000000002,4.121,5.28,6.122999999999998,6.635,6.934,8.589
30,Montana,US,2.616,4.134,4.1160000000000005,4.16,4.524,5.021,3.859,2.431,3.973,4.272,4.37,4.544,4.566,2.15,1.147,3.268,2.9530000000000003,2.6860000000000004,2.544,2.935,1.053,0.488,2.092,1.587,1.822,1.937,2.227,0.07200000000000001,0.062,0.861,0.738,0.53,0.86,1.023,0.364,0.064,0.948,1.204,1.293,1.556,1.916,0.048,0.037000000000000005,0.929,1.01,1.031,1.492,2.006,0.5379999999999999,0.1,2.117,2.045,1.712,2.062,1.182,0.525,1.97,2.29,2.456,2.862,4.118,3.469,1.666,2.852,3.267,3.628,2.659,3.619,2.982,2.189,2.298,2.729,2.536,2.879,3.545,3.638,2.529,3.377,3.261,3.896,4.079,4.964,2.924,3.032,3.09,4.138,4.518,4.521,2.83,2.918,4.375,4.496,4.85,4.77,5.275,4.025,2.672,4.282,4.69,4.909,5.259,4.909,4.654,2.854,4.128,4.154,4.545,5.029,5.591,4.329,4.044,4.65,5.335,4.864,5.5379999999999985,5.928,4.937,3.922,4.197,4.681,5.515,6.136,5.956,4.085,4.756,5.62,5.2010000000000005,5.504,5.729,6.097,5.524,4.77,5.1320000000000014,5.206,5.0,5.347,4.76,4.596,4.232,4.652,4.548,4.69,4.232,5.39,4.168,3.805,4.562,4.617,4.582,4.934,5.212999999999999,4.421,2.866,4.078,4.669,5.317,4.662,5.525,5.254,3.959,5.02,5.018,4.94,4.73,5.296,5.113,3.403,4.113,4.347,4.117,4.627,5.742000000000001,4.517,3.667,4.72,4.806,4.667,4.646,5.523,5.089,3.149,4.0680000000000005,4.467,4.896,4.81,5.438,4.13,3.2880000000000003,2.531,4.12,4.487,4.565,5.051,4.401,3.2060000000000004,4.476,4.12,4.636,4.637,5.528,3.818,2.938,4.144,4.0680000000000005,4.4689999999999985,4.537,4.974,4.101,2.708,4.45,4.784,5.164,5.63,5.7360000000000015,4.023,2.609,3.927,4.0310000000000015,4.291,4.243,3.626,1.906,3.415,3.731,3.804,4.103,4.534,2.889,1.141,3.483,3.812,3.471,3.556,3.973,0.802,0.6509999999999999,3.067,3.812,3.5660000000000003,3.99,4.148
31,Nebraska,US,4.735,6.313,6.528,6.6770000000000005,7.0379999999999985,8.113999999999999,6.87,4.6960000000000015,5.904,6.3679999999999986,6.707999999999998,6.653,6.613,3.373,2.551,4.9510000000000005,4.442,3.843,3.366,3.825,2.056,0.93,3.0610000000000004,3.1180000000000003,3.378,3.068,3.317,1.266,1.352,2.674,2.979,3.194,2.367,2.422,1.661,0.93,2.608,3.147,2.962,2.676,3.388,2.2840000000000003,0.035,2.053,2.362,2.8160000000000003,1.61,3.004,2.695,1.324,3.468,3.697,3.761,3.554,2.719,1.856,3.426,3.315,3.362,4.335,5.6179999999999986,3.519,3.012,3.09,3.973,5.058,3.706,4.852,3.744,3.08,3.294,4.133,3.3080000000000003,3.398,4.828,3.339,2.641,4.203,4.208,5.072,5.066,5.642,4.809,3.0980000000000003,1.858,4.3260000000000005,5.245,5.247999999999998,2.79,3.219,4.878,5.047,5.848,5.857,6.872999999999998,5.73,3.625,5.619,5.07,5.856,6.316,6.3260000000000005,5.938,3.47,4.848,5.57,6.197,6.006,6.518,5.5539999999999985,4.6,5.112,6.292000000000002,6.082999999999998,6.763,7.098,6.759,5.134,5.7639999999999985,6.63,6.926,7.102,7.099,4.944,4.445,5.9689999999999985,6.542000000000002,6.52,6.577000000000001,7.772,6.506,5.642,5.9129999999999985,6.322,6.124,6.4910000000000005,6.715,5.638,4.307,5.252999999999999,5.561,6.007999999999999,5.899,7.276,5.759,4.092,5.419,5.877000000000002,5.34,5.817,6.71,6.081,3.88,4.915,5.812,6.1110000000000015,5.622999999999998,6.973,6.31,4.173,5.44,5.755,5.698,5.66,6.464,6.364,3.827,4.99,5.447,5.291,5.908,6.977,6.097,4.305,5.494,5.754,5.7,5.982,6.972,6.171,4.113,5.0,5.808,5.965,6.44,7.274,5.847,4.229,4.106,4.4860000000000015,5.012,5.558,6.619,5.778,4.654,5.612,5.575,5.921,6.442,7.548999999999999,6.2810000000000015,4.665,5.352,5.716,5.835,6.468,7.403,6.819,4.013,5.795,6.301,6.4929999999999986,7.184,7.58,6.292000000000002,4.329,5.332000000000002,5.877000000000002,5.957000000000002,7.1560000000000015,6.5310000000000015,4.46,5.318,5.806,5.997999999999998,6.43,7.402,6.814,3.718,5.4110000000000005,5.665,5.492000000000001,5.4289999999999985,6.709,4.697,1.375,3.948,5.155,5.4529999999999985,5.722,6.706
32,Nevada,US,4.384,7.002999999999999,7.049,7.03,7.374,7.582000000000002,5.988,4.953,6.747000000000001,6.876,6.827000000000001,6.972,7.06,4.7639999999999985,3.435,5.683,4.353,3.096,1.829,2.752,0.363,0.163,0.8759999999999999,0.85,0.843,0.742,1.389,0.257,0.041,0.529,0.687,0.79,0.6859999999999999,1.138,0.165,0.035,0.243,0.28300000000000003,0.312,0.315,1.055,0.269,0.032,0.456,0.52,0.961,0.963,1.443,0.376,0.057,0.429,0.595,0.506,0.7120000000000001,0.124,0.042,0.5,0.508,0.792,1.09,2.316,1.09,0.522,0.8690000000000001,1.047,1.579,0.5660000000000001,1.27,0.541,0.19,0.295,0.893,1.222,1.3430000000000002,2.524,1.945,0.442,1.6369999999999998,1.922,3.042,3.044,3.457,2.323,1.649,1.528,2.887,3.005,3.242,1.048,1.648,3.169,3.215,3.53,3.526,3.847,3.266,2.1180000000000003,4.171,4.008,4.254,4.194,3.661,3.534,2.886,3.543,3.5010000000000003,4.163,4.375,4.39,3.982,2.738,3.834,4.133,4.066,4.212,4.465,3.64,2.49,3.711,4.37,4.551,4.738,4.204,2.949,2.278,4.147,4.2,4.2410000000000005,4.262,4.707,3.446,2.552,3.628,4.05,3.826,3.848,2.662,0.764,1.409,3.184,3.167,3.173,3.173,3.929,2.434,1.676,3.087,3.44,3.173,3.444,3.555,2.741,1.145,3.087,3.445,3.774,3.375,4.102,3.2910000000000004,2.146,3.6010000000000004,3.681,3.735,3.715,4.17,3.395,1.676,3.03,3.708,3.259,3.722,4.687,3.378,2.073,3.426,3.805,3.58,3.62,4.408,3.526,2.157,3.224,3.842,4.274,4.02,4.221,3.2060000000000004,2.327,2.589,3.19,3.746,3.839,4.4510000000000005,3.4,2.452,3.643,3.397,3.873,3.975,4.678,3.634,2.678,3.702,3.858,3.973,4.167,4.603,4.008,2.883,4.187,4.539,4.919,5.457000000000002,5.38,3.684,2.434,3.822,3.841,3.992,4.622,3.977,2.7260000000000004,3.898,4.044,4.323,4.465,4.738,4.572,3.034,4.269,4.22,4.393,4.761,5.376,4.147,2.738,3.955,4.497,4.43,4.645,4.586
33,New Hampshire,US,5.19,8.597999999999999,8.833,8.472000000000001,9.258,10.011,7.249,5.609,8.583,8.554,8.837,8.753,8.31,5.559,3.51,5.7360000000000015,4.1930000000000005,3.597,2.847,4.0,1.454,0.409,1.232,0.748,1.5519999999999998,1.99,2.822,0.317,0.034,0.215,0.965,0.855,0.44,0.684,0.588,0.06,1.181,1.3869999999999998,0.928,0.078,1.716,0.995,0.045,0.057,1.192,1.38,1.289,1.876,0.063,0.268,1.6030000000000002,2.38,3.189,2.439,2.396,0.08900000000000001,0.8420000000000001,2.6180000000000003,3.156,2.456,3.0860000000000003,3.404,2.833,2.402,2.912,3.77,2.739,3.968,1.768,2.0,1.497,2.777,2.306,2.517,2.938,3.848,2.7430000000000003,3.3480000000000003,2.919,4.839,5.3660000000000005,6.517,4.091,3.485,2.364,4.68,5.193,4.428,3.422,1.571,5.008,4.011,5.994,5.7010000000000005,6.119,4.717,3.317,5.858,5.843,5.4460000000000015,5.39,5.747000000000001,5.3870000000000005,3.31,4.6530000000000005,5.2010000000000005,6.752000000000002,6.671,7.04,5.174,4.882,4.916,6.247999999999998,5.521,7.284,7.162000000000001,5.529,3.976,4.269,6.051,6.549,7.3279999999999985,5.997999999999998,4.439,5.012,6.57,6.8370000000000015,6.53,7.211,7.478,5.039,5.738,6.061,5.955,6.88,7.27,6.86,5.994,4.8439999999999985,5.997999999999998,6.2570000000000014,6.234,5.475,7.55,5.561,4.595,5.72,5.5920000000000005,5.855,5.808,6.0779999999999985,5.319,2.569,4.2189999999999985,4.686,6.099,6.162000000000001,6.683,5.432,4.242,6.009,6.23,6.066,6.223,7.207999999999998,6.715,3.67,5.375,5.892,6.271,7.006,8.42,6.504,5.567,6.21,6.776,7.528,6.377999999999999,8.039,4.433,4.05,5.4910000000000005,6.0939999999999985,6.199,6.757999999999999,7.286,5.244,4.676,5.267,6.005,6.104,5.551,6.937,5.925,4.166,5.535,5.006,6.2639999999999985,6.319,7.478,5.908,4.336,5.077,4.647,5.938,6.255,7.412000000000001,6.799,4.864,5.738,6.553,6.66,8.058,6.962999999999999,6.324,4.615,4.284,5.916,5.898,6.0539999999999985,6.44,4.732,5.557,4.489,5.9220000000000015,6.582000000000002,6.207999999999998,5.526,3.802,5.087,5.395,5.404,5.707000000000002,6.6389999999999985,5.093,2.622,4.495,4.9689999999999985,4.643,4.923,5.246
34,New Jersey,US,4.296,7.153,7.0120000000000005,7.152,7.442,7.364,5.912000000000001,4.242,6.718,6.659,6.7879999999999985,6.471,5.892,3.775,1.962,3.576,2.004,1.616,1.349,2.26,0.36,0.037000000000000005,0.037000000000000005,0.146,0.045,0.237,0.396,0.032,0.03,0.045,0.045,0.06,0.063,0.056,0.052000000000000005,0.038,0.085,0.091,0.059,0.043,0.051,0.054000000000000006,0.032,0.03,0.083,0.068,0.064,0.152,0.038,0.041,0.096,0.35700000000000004,0.302,0.116,0.408,0.03,0.108,0.688,0.376,0.084,0.7959999999999999,1.057,0.518,0.42,0.691,0.514,0.52,0.446,0.21,0.47,0.067,0.514,0.202,0.3,1.258,1.3969999999999998,0.58,0.706,0.486,1.314,1.875,2.162,0.523,1.138,0.6509999999999999,1.845,2.026,1.331,1.328,0.519,2.184,1.535,2.237,2.358,2.393,2.362,1.618,2.729,3.0980000000000003,2.602,2.195,2.778,2.745,1.284,1.983,2.642,3.174,3.06,3.545,2.56,2.1630000000000003,2.5580000000000003,3.568,3.151,3.906,4.096,3.102,2.142,3.105,3.876,3.725,4.569,4.079,2.843,2.412,3.193,3.98,4.438,4.548,2.827,3.658,4.002,4.338,5.657,4.828,4.546,5.5710000000000015,4.17,2.5540000000000003,3.3280000000000003,3.73,3.444,3.383,3.938,3.381,2.204,3.394,3.611,3.505,3.539,3.2880000000000003,3.486,1.171,2.728,1.536,4.1960000000000015,3.623,3.673,3.829,2.5540000000000003,3.92,4.101,3.432,3.55,4.268,4.651,1.147,3.389,4.047,3.554,4.668,5.403,4.458,2.742,4.1389999999999985,4.542,4.81,4.268,4.6930000000000005,2.864,2.926,3.547,3.999,4.4030000000000005,4.456,4.878,3.885,3.179,2.895,3.657,3.758,3.249,4.492,4.363,2.795,3.602,3.466,4.173,4.166,4.977,4.572,3.062,3.2,3.444,3.96,4.1560000000000015,4.755,4.7189999999999985,3.193,3.826,3.918,4.754,5.2189999999999985,5.121,4.787,3.085,3.052,4.146,4.245,4.346,4.919,2.887,2.461,3.58,4.334,4.692,4.223,5.155,3.338,3.946,4.23,4.295,4.183,4.973,4.585,2.202,3.11,3.698,3.807,3.004,4.102
35,New Mexico,US,3.668,5.899,5.899,5.943,6.51,6.96,5.5779999999999985,3.518,5.98,6.2029999999999985,6.352,6.384,6.162000000000001,4.263,2.728,4.579,3.799,3.518,3.068,3.594,1.273,0.774,2.404,1.334,1.284,1.0490000000000002,1.25,0.332,0.101,0.836,1.233,1.19,1.293,1.707,0.55,0.099,0.985,1.0759999999999998,1.09,1.035,1.435,0.366,0.043,0.332,0.923,1.364,1.388,1.92,0.5920000000000001,0.119,1.769,2.033,2.099,2.085,1.043,0.187,1.7080000000000002,1.829,1.902,2.5380000000000003,3.534,2.21,1.467,1.977,2.323,2.8760000000000003,2.113,2.681,2.019,1.314,1.41,2.357,1.52,1.589,3.241,2.719,1.705,3.013,2.5580000000000003,3.69,3.916,4.651,2.994,2.285,1.796,3.607,3.655,3.773,2.228,2.006,3.87,3.766,4.215,4.174,4.57,3.4530000000000003,2.289,4.265,4.2860000000000005,4.331,4.354,3.933,3.971,2.19,3.213,3.662,4.688,4.732,5.072,3.708,2.821,3.611,4.113,3.968,4.833,4.803,4.093,3.149,4.0680000000000005,4.622,4.745,4.841,4.605,2.946,2.406,4.053,4.492,4.572,4.371,4.996,3.814,2.629,3.635,4.037,3.855,3.909,4.04,3.082,2.224,3.29,3.264,3.672,3.369,4.209,2.657,1.861,3.2,3.54,3.5410000000000004,3.832,4.0680000000000005,3.151,1.556,3.263,3.622,4.274,3.711,4.552,3.779,2.077,3.792,3.815,3.977,3.862,4.4060000000000015,3.898,2.01,3.006,3.686,3.447,3.934,4.884,3.731,2.379,3.702,3.812,4.091,3.902,4.659,4.0280000000000005,2.548,3.379,3.901,4.532,4.3889999999999985,4.6110000000000015,3.663,2.8160000000000003,2.94,3.367,3.603,3.85,4.6789999999999985,3.894,2.768,3.932,3.594,4.347,4.308,5.3660000000000005,3.962,2.8680000000000003,3.364,3.471,4.21,4.338,4.856,4.2189999999999985,2.728,3.938,4.601,5.06,5.666,5.8260000000000005,3.808,2.443,3.898,4.0280000000000005,4.55,4.7330000000000005,4.0760000000000005,2.631,3.718,4.072,4.257,4.442,4.797,4.447,3.079,4.084,3.848,3.997,4.28,4.876,3.539,1.95,2.402,1.01,2.797,4.058,4.39
36,New York,US,2.673,5.176,5.085,5.144,5.479,5.52,3.988,2.541,4.905,4.849,4.918,4.751,4.475,2.4730000000000003,1.116,2.633,1.482,1.225,0.835,1.159,0.056,0.035,0.031,0.045,0.039,0.049,0.059,0.028,0.025,0.033,0.035,0.039,0.039,0.035,0.036000000000000004,0.029,0.04,0.042,0.036000000000000004,0.031,0.034,0.034,0.027000000000000003,0.026,0.041,0.039,0.038,0.044,0.03,0.03,0.045,0.065,0.067,0.064,0.091,0.026,0.048,0.172,0.07,0.054000000000000006,0.28300000000000003,0.443,0.244,0.07200000000000001,0.191,0.14400000000000002,0.131,0.094,0.042,0.053,0.039,0.099,0.062,0.065,0.502,0.708,0.16699999999999998,0.302,0.241,0.991,1.351,1.813,0.299,0.625,0.32299999999999995,1.321,1.413,0.7909999999999999,0.6659999999999999,0.08900000000000001,1.495,0.7959999999999999,1.652,1.6869999999999998,1.783,1.455,0.731,2.05,2.265,1.923,1.8,2.021,1.821,0.6779999999999999,1.399,1.758,2.515,2.529,2.972,2.013,1.258,1.625,2.528,2.231,2.95,3.143,1.924,1.261,1.91,2.7960000000000003,2.8310000000000004,3.419,3.1,2.156,1.71,2.613,2.934,3.327,3.424,2.71,2.443,2.99,3.236,4.663,3.749,3.194,4.923,3.107,1.6880000000000002,2.391,2.68,2.511,2.39,3.027,2.1830000000000003,1.268,2.282,2.563,2.444,2.472,2.469,2.309,0.525,1.941,1.418,2.849,2.748,2.8680000000000003,2.562,1.55,2.766,2.946,2.674,2.709,3.337,3.399,0.652,2.416,2.877,2.613,3.517,4.22,3.215,1.907,3.111,3.415,3.627,2.887,3.742,2.027,1.596,2.507,2.847,3.209,3.459,3.743,2.7430000000000003,2.173,1.734,2.846,3.0380000000000003,2.698,3.652,2.957,1.495,2.784,2.569,3.237,3.224,3.98,3.075,1.805,2.489,2.45,3.124,3.274,3.874,3.4,2.017,2.817,3.239,3.803,4.449,4.137,3.073,1.681,2.093,3.133,3.124,3.265,3.256,1.94,1.815,2.573,3.287,3.574,3.4530000000000003,3.519,1.96,2.899,3.149,3.221,3.2310000000000003,3.904,2.91,1.259,2.314,2.758,2.744,2.518,3.248
37,North Carolina,US,7.162000000000001,9.776,9.38,9.629,9.749,11.052,9.091,7.033,9.618,9.732,9.934,9.938,9.995,7.202000000000001,4.462,7.707000000000002,6.6370000000000005,5.9,6.228,6.9289999999999985,3.624,1.45,3.944,4.117,4.581,3.927,4.481,2.317,1.039,3.0860000000000003,1.944,2.289,2.975,3.775,1.949,0.5579999999999999,2.755,2.926,3.156,3.329,3.414,2.452,0.064,1.694,3.472,3.369,3.915,4.7639999999999985,2.655,0.622,4.477,4.961,3.762,5.206,2.869,1.494,4.472,4.999,4.7010000000000005,4.727,6.612,5.081,3.919,5.151,5.404,6.461,5.7189999999999985,6.3039999999999985,5.57,4.547,4.985,6.005,4.84,5.18,6.465,5.698,3.995,5.315,3.88,5.115,5.812,7.631,5.972,4.511,3.97,6.934,6.546,6.4460000000000015,5.0710000000000015,3.315,7.347,6.371,8.104,7.664,8.082,7.053,4.907,7.452000000000001,7.829,7.18,7.642,7.409,7.107,4.047,5.28,5.4689999999999985,7.2029999999999985,7.669,7.893,6.664,5.481,6.292000000000002,7.49,7.17,8.008,8.386000000000001,7.4460000000000015,4.825,6.278,7.601,7.78,8.302,8.064,5.971,4.8660000000000005,7.317,7.477,8.097000000000001,8.094,8.902000000000003,7.989,6.864,7.872000000000001,9.259,8.249,7.925,10.017,7.146,4.859,6.6789999999999985,6.9110000000000005,7.11,6.754,7.971,6.269,4.605,6.632999999999999,6.935,6.7639999999999985,7.019,7.371,6.376,3.386,4.637,6.183,7.244,6.612,7.54,6.766,4.539,6.851,7.2570000000000014,7.142,7.286,8.099,6.792000000000002,4.2360000000000015,6.3439999999999985,6.892,6.7860000000000005,7.326,8.472000000000001,7.212999999999999,5.122000000000001,6.956,7.612,7.677,7.403,8.439,6.56,4.6930000000000005,5.6789999999999985,6.9510000000000005,7.625,7.7570000000000014,8.468,6.5870000000000015,5.2029999999999985,5.3679999999999986,6.853,6.919,6.9929999999999986,7.987,6.26,5.001,6.848,6.608,7.7120000000000015,6.3,8.381,7.084,5.28,6.506,6.501,7.374,7.4289999999999985,7.433,7.266,5.354,7.245,7.307,8.644,9.272,9.514,7.53,5.088,6.0470000000000015,7.507999999999999,7.866,7.392,6.13,3.492,6.369,7.224,7.802,8.123,8.588,8.342,5.744,7.43,7.58,7.782999999999999,7.601,8.881,7.409,3.603,6.6,6.979,6.931,6.36,8.624
38,North Dakota,US,2.608,4.128,4.146,4.277,4.376,4.974,3.919,2.684,4.117,4.268,4.4289999999999985,4.556,4.853,3.256,1.683,3.632,3.468,2.986,2.67,2.986,0.532,0.271,2.436,2.3280000000000003,2.278,2.318,2.604,0.86,0.304,1.811,1.859,1.334,0.684,1.298,0.165,0.05,1.626,1.935,1.622,1.86,2.33,0.65,0.037000000000000005,1.199,1.524,1.941,2.039,2.467,0.8240000000000001,0.119,2.614,2.827,2.772,3.019,1.483,0.439,2.518,2.427,2.7310000000000003,3.522,4.3210000000000015,3.182,2.182,2.829,3.196,4.244,3.327,4.093,1.693,1.806,2.942,3.674,2.728,3.109,4.604,3.81,3.258,3.977,3.929,4.459,4.872,6.051,4.174,2.839,3.063,4.482,4.664,4.664,3.299,3.02,4.677,4.599,5.127000000000002,5.067,6.448,3.954,3.18,4.775,4.813,4.998,5.348,5.421,4.332,2.65,4.55,4.732,5.195,5.442,6.23,4.055,4.245,4.676,5.307,5.214,5.585,6.403,4.917,4.1160000000000005,4.792,4.746,5.492000000000001,6.1629999999999985,5.653,4.05,3.573,4.851,4.886,5.088,5.587999999999999,6.649,4.6960000000000015,4.617,4.828,5.1770000000000005,5.25,5.403,5.124,4.1,3.656,4.4830000000000005,4.632,4.8580000000000005,4.84,5.773,3.694,3.375,4.6,4.742,4.643,5.015,5.305,4.18,2.881,4.21,4.62,5.06,5.019,5.617000000000001,4.622,2.9330000000000003,4.577,4.828,4.942,4.836,5.22,4.812,3.324,4.374,4.856,4.72,4.99,6.16,4.954,3.698,4.724,4.757,4.72,4.9030000000000005,5.712999999999999,4.831,2.842,4.365,4.7330000000000005,4.75,5.043,5.937,4.544,2.984,2.939,4.317,4.467,4.813,5.374,4.47,3.0,4.433,4.524,4.7,5.058,5.779,4.501,3.072,4.336,4.55,4.601,4.816,5.436,4.746,2.655,4.503,4.876,4.949,5.374,5.5920000000000005,4.1930000000000005,2.8710000000000004,4.149,4.5760000000000005,4.6080000000000005,5.272,4.605,2.645,4.118,4.345,4.284,4.672,5.113,3.892,2.414,4.248,3.886,4.257,3.425,4.391,3.199,1.524,3.632,4.0360000000000005,3.939,4.334,4.7189999999999985
39,Ohio,US,5.02,7.605,7.797999999999999,7.944,8.359,9.036,7.455,5.291,7.606,7.731,7.818,7.817,7.747999999999998,4.398,2.8,5.546,4.351,3.434,3.513,3.996,0.96,0.609,2.314,0.402,1.457,1.596,1.414,0.129,0.135,0.73,0.883,1.03,1.733,2.316,1.136,0.055,1.499,1.229,1.612,1.294,1.892,1.196,0.047,0.625,1.31,1.436,1.783,1.659,1.335,0.147,2.54,3.176,2.906,3.37,2.153,0.095,3.123,3.2910000000000004,2.659,3.406,4.6960000000000015,4.126,2.253,3.347,3.471,4.477,3.863,3.759,3.159,2.454,2.287,3.928,3.309,2.845,4.138,4.324,2.718,3.873,3.258,5.065,5.627000000000002,6.501,5.001,4.17,3.167,5.766,6.11,5.51,4.745,3.1010000000000004,6.095,5.641,6.792000000000002,6.18,7.2189999999999985,6.25,4.341,6.629,6.943,5.8439999999999985,7.061,6.509,6.252999999999999,3.88,5.355,5.948,7.314,7.066,7.835,6.2570000000000014,4.662,5.457000000000002,6.457000000000002,6.488,7.53,7.605,6.044,4.734,5.92,7.021,7.075,7.274,7.124,5.2360000000000015,4.522,6.3260000000000005,6.624,7.2189999999999985,7.011,7.694,6.507999999999999,5.398,6.8039999999999985,7.9620000000000015,7.145,6.71,8.716000000000001,6.3260000000000005,3.794,5.747999999999998,6.026,5.897,5.729,7.251,5.197,3.836,5.0939999999999985,5.947,5.848,5.724,6.132999999999999,4.4030000000000005,2.185,4.368,5.872999999999998,6.436,5.966,6.91,6.172999999999999,4.011,5.872999999999998,6.138,6.205,6.311,7.089,6.325,3.395,5.587999999999999,6.019,6.239,6.843,8.068,6.441,4.506,6.336,6.845,6.685,6.51,6.875,6.0310000000000015,4.149,5.525,6.287000000000001,6.579,6.811,7.504,6.0470000000000015,4.521,3.152,5.884,6.397,6.318,7.129,6.109,3.85,5.997000000000001,5.607,6.834,6.805,7.901,6.686,4.6080000000000005,5.765,5.62,6.582000000000002,6.813,7.614,7.226,4.708,5.865,6.9220000000000015,7.382999999999999,8.012,8.089,6.657,3.678,5.11,6.457000000000002,6.795,7.032,6.7189999999999985,4.194,5.561,6.23,6.521,6.5710000000000015,7.744,7.3,3.811,5.379,5.956,6.155,6.3870000000000005,7.356,5.6160000000000005,3.159,5.3660000000000005,5.604,5.985,5.5539999999999985,7.089
40,Oklahoma,US,7.175,9.425,9.581,9.273,10.223,11.686,10.058,6.575,8.934,9.516,9.535,10.193,10.423,7.082999999999998,5.05,7.951,6.7120000000000015,5.994,5.557,6.394,3.508,1.574,4.6560000000000015,4.802,5.159,4.609,4.671,2.776,1.755,2.881,3.816,4.013,3.922,3.455,1.616,0.959,3.5010000000000003,3.976,4.277,4.058,4.918,2.769,0.318,3.319,3.3280000000000003,4.57,4.77,4.828,3.732,1.766,4.964,3.588,5.634,5.405,4.36,2.957,5.015,4.621,5.62,6.439,8.084,6.233,4.716,6.12,7.042999999999998,8.282,6.704,7.592,6.749,5.437,5.7170000000000005,6.311,5.521,6.042999999999998,6.265,5.996,5.542999999999998,7.32,7.175,8.068999999999999,8.183,9.173,7.443,5.832999999999998,3.906,7.407,7.9529999999999985,7.92,6.044,5.999,8.227,7.772,8.754,8.697000000000001,9.921,8.621,6.404,8.507,8.825,8.68,9.208,8.955,8.519,5.68,7.318,8.336,8.888,9.294,8.652999999999999,7.338999999999999,6.185,7.172999999999999,8.604,7.911,9.357,9.787,8.36,6.37,7.7,8.741,8.838,9.327,8.718,6.7620000000000005,5.769,8.126,8.738,8.89,8.822000000000003,9.619,7.608,6.357,8.023,8.359,8.341000000000001,8.509,8.443,7.33,5.394,7.405,7.687,7.796,7.758999999999999,9.143,6.577000000000001,5.191,7.059,7.232,6.959,7.862999999999999,8.495,7.332999999999998,4.634,6.97,7.94,8.055,7.872999999999998,9.055,7.702000000000001,5.352,7.5710000000000015,7.864,8.057,7.899,9.061,8.026,4.998,7.073,7.82,7.742000000000001,8.458,9.983,7.8,5.622999999999998,7.713999999999999,8.082,7.984,8.097999999999999,9.28,7.527,5.13,6.71,7.329,8.07,8.633,9.657,7.254,5.3870000000000005,5.714,7.479,7.325,7.6960000000000015,9.131,7.574,5.69,7.766,7.841,8.18,8.611,10.112,7.93,5.943,7.258999999999999,7.187,7.977,8.416,9.615,8.244,5.614,7.957999999999998,8.613999999999999,8.834,9.554,10.453,7.933,5.712999999999999,7.205,7.996,8.276,9.43,7.704,5.6770000000000005,7.2,8.073,8.427,9.074,9.934,8.585,5.3610000000000015,7.691,7.919,7.945,8.152999999999999,9.178,7.612999999999999,4.798,4.761,3.748,5.836,7.797999999999999,9.652
41,Oregon,US,2.947,4.878,5.05,5.159,5.532,5.6320000000000014,4.053,3.005,4.938,5.27,5.224,5.195,5.013,2.077,1.489,3.529,2.922,2.699,2.438,2.9810000000000003,0.768,0.344,1.087,0.336,0.6729999999999999,0.526,0.563,0.043,0.035,0.128,0.513,0.512,0.66,0.983,0.062,0.043,0.521,0.794,0.936,0.914,1.529,0.362,0.044,0.838,0.975,1.064,1.361,1.849,0.097,0.084,0.816,0.495,0.84,0.936,0.085,0.061,0.604,0.961,1.003,1.679,2.6660000000000004,0.507,0.647,1.402,1.597,1.949,1.364,2.0380000000000003,1.2009999999999998,0.6940000000000001,0.655,1.02,1.222,1.255,2.7230000000000003,1.523,0.64,1.452,1.952,2.657,2.5580000000000003,3.387,2.277,1.895,1.444,2.8360000000000003,3.07,3.344,0.524,1.802,2.985,3.232,3.189,3.2460000000000004,3.644,2.399,1.318,3.247,3.007,3.462,3.639,3.028,2.48,2.376,2.859,2.716,3.695,3.902,4.674,3.24,2.699,3.565,4.0,3.835,4.0760000000000005,4.474,3.5860000000000003,2.541,3.531,3.892,4.29,4.588,4.227,2.66,2.4290000000000003,3.803,3.95,4.055,4.148,4.684,3.956,3.0860000000000003,3.705,3.83,3.764,3.894,3.175,2.504,2.477,3.4160000000000004,3.2230000000000003,3.2260000000000004,3.235,3.948,2.77,2.205,3.133,3.332,3.222,3.492,3.71,2.942,1.579,3.0580000000000003,3.426,3.818,3.208,4.166,3.475,2.548,3.526,3.696,3.674,3.748,4.222,3.535,2.029,3.059,3.564,3.382,3.814,4.663,3.609,2.609,3.837,4.1610000000000005,3.841,3.986,4.6960000000000015,3.736,2.641,3.278,3.888,4.353,4.061,4.337,3.056,2.559,2.599,3.007,2.882,2.682,2.599,1.5659999999999998,0.957,2.221,2.245,2.9160000000000004,2.877,3.604,3.008,2.4130000000000003,3.374,3.111,3.222,3.344,3.6010000000000004,3.468,2.7110000000000003,3.424,4.053,4.375,4.845,4.9689999999999985,3.3760000000000003,2.338,3.378,3.494,3.534,4.11,2.787,1.843,2.917,2.98,3.568,3.696,4.194,4.195,2.536,3.373,3.46,3.757,3.884,4.43,3.281,2.161,3.2110000000000003,3.661,3.52,3.665,3.902
42,Pennsylvania,US,3.956,6.267,6.153,6.312,6.705,7.181,5.676,4.114,6.2,6.245,6.4620000000000015,6.404,6.127000000000002,3.691,1.994,3.994,2.445,2.008,1.978,2.364,0.136,0.063,0.061,0.226,0.09,0.519,0.784,0.034,0.038,0.078,0.071,0.14300000000000002,0.246,0.414,0.062,0.044,0.251,0.196,0.247,0.071,0.16899999999999998,0.099,0.035,0.041,0.184,0.25,0.188,0.469,0.057,0.047,0.5,1.09,1.024,0.92,0.7979999999999999,0.035,0.77,1.342,1.214,0.97,2.321,2.07,1.104,1.262,1.632,1.638,1.521,1.6840000000000002,0.795,1.073,0.544,1.5759999999999998,1.264,1.092,2.516,2.5860000000000003,1.117,2.255,1.754,3.085,3.671,3.819,2.344,2.045,1.529,3.385,3.605,2.793,2.524,0.772,3.642,2.923,4.163,3.917,4.494,3.883,2.539,4.464,4.681,3.98,4.434,4.367,4.2330000000000005,2.143,3.398,3.93,4.936,4.767,5.06,3.885,2.99,3.65,4.592,4.465,5.194,5.5360000000000005,4.257,3.111,3.978,5.109,5.1610000000000005,5.523,5.356,3.708,3.216,4.316,4.881,5.417999999999998,5.371,5.205,4.849,4.6530000000000005,5.1629999999999985,6.48,5.65,5.114,7.02,4.842,2.977,4.148,4.26,4.211,4.06,5.16,3.872,2.645,3.918,4.271,4.049,4.181,4.285,3.643,1.272,3.169,3.22,4.7360000000000015,4.1080000000000005,4.468,4.464,2.855,4.436,4.667,4.348,4.39,5.194,5.07,2.195,3.992,4.402,4.465,5.118,6.2170000000000005,4.996,3.173,4.542,5.074,5.19,4.8210000000000015,5.332000000000002,3.9,2.9160000000000004,3.777,4.335,4.762,4.836,5.625,4.364,3.424,2.787,4.173,4.493,4.29,5.287000000000001,4.552,2.757,4.262,4.026,4.985,4.956,5.996,5.117,3.344,4.038,3.864,4.729,4.939,5.711,5.064,3.216,4.581,4.805,5.667000000000002,6.267,6.143,4.976,3.1630000000000003,3.4730000000000003,4.694,4.851,4.865,5.176,2.889,3.603,4.295,4.848,5.122000000000001,5.495,5.609,3.324,4.296,4.535,4.857,4.878,5.832999999999998,4.64,2.164,3.75,4.176,4.214,3.779,5.125
44,Rhode Island,US,4.217,6.068,5.912000000000001,6.101,6.438,6.992000000000001,5.3439999999999985,3.88,5.864,5.912000000000001,5.915,6.0779999999999985,5.7010000000000005,3.607,2.061,3.592,2.18,2.323,1.714,2.852,0.804,0.16,0.458,0.7340000000000001,0.521,0.97,1.487,0.314,0.033,0.068,0.361,0.222,0.34600000000000003,0.166,0.227,0.045,0.393,0.455,0.08,0.053,0.831,0.28,0.04,0.033,0.48,0.274,0.414,1.057,0.038,0.059,0.29600000000000004,1.054,1.3,0.528,1.2009999999999998,0.042,0.28300000000000003,1.147,1.398,0.635,1.6869999999999998,1.892,1.49,0.8640000000000001,1.515,1.838,1.068,1.598,0.933,1.118,0.36,1.3430000000000002,0.955,1.3159999999999998,2.186,2.4530000000000003,1.5659999999999998,1.734,1.528,3.0860000000000003,2.952,4.083,1.614,2.293,1.249,2.899,3.282,2.7,2.097,1.293,3.613,2.483,3.715,3.699,3.641,2.986,2.193,4.05,4.05,3.715,3.261,3.797,3.771,2.446,2.881,3.5810000000000004,4.334,4.336,4.731,3.891,3.194,3.3510000000000004,4.384,3.761,4.623,4.643,3.44,2.7710000000000004,2.714,4.064,4.142,4.915,4.426,3.624,3.319,4.225,4.622,4.847,5.088,4.64,4.163,4.808,4.552,5.4860000000000015,5.056,5.049,6.068,4.445,3.298,3.87,4.224,3.966,3.647,4.508,3.484,2.728,3.676,3.782,3.702,3.4810000000000003,3.549,3.382,1.508,2.872,3.135,4.15,3.865,3.933,3.748,2.543,3.458,4.084,3.67,3.513,4.3260000000000005,4.106,1.254,3.383,3.899,3.906,4.612,5.485,4.441,3.492,4.272,4.598,5.013,3.986,5.21,3.069,2.804,3.528,3.999,3.958,4.177,4.96,4.081,3.267,3.361,4.341,4.167,3.692,4.772,4.078,2.766,3.612,3.31,4.3260000000000005,4.098,5.005,4.192,2.812,3.3760000000000003,3.233,4.22,4.31,5.061,4.64,2.738,3.796,4.367,4.7410000000000005,5.614,5.12,4.113,2.8160000000000003,2.587,4.025,4.131,4.144,4.166,3.105,2.124,2.923,4.24,4.55,4.526,4.237,2.744,3.708,3.889,4.0680000000000005,4.12,4.832,3.81,1.874,3.044,3.3560000000000003,3.407,3.151,3.439
45,South Carolina,US,7.401,9.876,9.487,9.559,9.531,11.404000000000002,9.738,7.388,9.698,9.974,10.117,10.464,10.886,8.427,6.017,8.384,7.487,6.545,7.044,7.66,4.694,1.915,4.695,4.229,5.19,5.072,5.747999999999998,3.811,1.993,4.386,3.964,4.288,4.4030000000000005,5.047,3.073,1.253,4.043,3.857,3.298,3.769,4.365,3.09,0.085,3.062,4.45,4.421,4.922,5.556,3.768,0.636,5.381,5.6789999999999985,4.5,5.937,4.173,2.518,5.602,5.891,5.534,6.379,7.841,6.096,5.016,6.396,6.944,8.075,7.284,7.665,6.914,5.699,6.312,7.354,6.285,6.49,7.5779999999999985,6.897,5.3610000000000015,6.61,5.987,6.665,7.866,8.824,7.11,5.55,4.897,7.635,7.48,7.6560000000000015,5.8420000000000005,4.048,8.252,7.335,9.012,8.666,9.253,8.161,5.65,8.166,8.634,7.887,8.501,8.283,7.928,4.914,6.567,7.4460000000000015,8.306000000000001,8.66,8.732000000000001,8.128,6.4860000000000015,7.009,8.042,7.496,8.672,8.946,8.29,5.619,6.957000000000002,8.209,8.293,8.693999999999999,8.522,6.41,5.652,7.482,7.5310000000000015,8.502,8.656,9.447,8.74,7.034,8.388,9.626,8.738,8.462,10.5,8.071,5.2429999999999986,7.1160000000000005,7.428,7.657999999999999,7.677,8.472000000000001,6.794,5.1370000000000005,7.241,7.5070000000000014,7.305,7.64,7.941,7.1389999999999985,4.005,4.808,7.476,7.819,7.307,8.24,7.722,5.2879999999999985,7.526,7.883999999999999,7.911,8.15,8.794,7.966,5.3020000000000005,7.463999999999999,7.686,7.8610000000000015,8.378,9.323,7.784,5.527,7.482,8.343,8.479,8.482000000000001,9.361,7.607,5.478,7.045,8.027999999999999,8.571,8.639,9.167,6.999,5.702000000000001,6.226,7.716,7.693,7.933,8.772,6.949,5.609,7.659,7.532999999999999,8.088,6.8820000000000014,9.14,7.641,5.88,7.318,7.544,8.222999999999999,8.44,8.538,7.798999999999999,5.9670000000000005,7.524,8.043,9.361,10.092,10.226,8.129,5.983,6.843,8.427999999999999,8.557,8.382,7.0070000000000014,4.9030000000000005,7.478,8.232000000000001,8.586,8.847999999999997,9.578,8.821,6.393,8.133,8.335,8.57,8.345,9.55,7.941,4.873,7.467,7.774,7.882999999999999,7.308,9.642
46,South Dakota,US,3.622,5.104,5.187,4.8889999999999985,5.06,6.579,5.716,3.777,5.056,5.2360000000000015,5.3420000000000005,5.255,5.428,2.441,1.872,3.943,3.925,3.67,2.952,3.56,1.915,0.943,3.057,2.938,2.4730000000000003,2.512,2.948,0.696,0.8029999999999999,2.414,2.502,2.462,1.125,2.1,1.019,0.463,2.544,2.713,2.207,2.139,3.02,0.989,0.034,1.569,1.763,2.1180000000000003,2.283,3.047,2.154,0.404,3.0410000000000004,3.254,3.144,3.0860000000000003,1.996,1.515,3.077,2.704,3.006,4.212,5.238,3.958,3.412,2.8360000000000003,3.1830000000000003,4.477,3.447,4.634,3.018,2.789,3.159,3.808,3.071,3.612,4.835,3.162,3.299,4.277,4.248,4.787,5.433,6.609,5.008,4.026,3.384,5.039,5.488,5.37,3.5380000000000003,4.11,5.399,5.375,5.902,5.894,7.355,5.183,4.673,5.82,5.285,5.863,6.484,6.807,6.477,4.665,5.206,5.686,6.251,5.9129999999999985,7.237,5.751,6.523,5.5139999999999985,6.499,6.112,7.049,7.951,7.702000000000001,6.776,6.365,6.8439999999999985,7.24,7.99,7.638,6.447,6.591,6.1160000000000005,6.524,6.8820000000000014,6.962999999999999,8.326,7.431,7.629,6.3,6.511,6.518,7.089,7.04,6.098,5.707999999999998,6.195,6.343,6.4110000000000005,6.339,7.83,6.077000000000001,5.8610000000000015,6.215,6.3039999999999985,6.152,6.712999999999999,7.713999999999999,6.6320000000000014,5.274,5.797999999999999,6.256,6.5710000000000015,6.636,7.978,7.286,6.247000000000001,6.89,6.921,6.994,7.144,8.172,7.773,5.409,5.272,5.702000000000001,5.206,5.872999999999998,7.602,6.1560000000000015,4.714,5.299,5.667999999999998,5.5120000000000005,5.647,6.886,6.504,4.17,4.774,5.652,5.65,5.871,7.138,5.688,4.59,4.262,4.885,5.043,5.591,6.415,5.805,4.55,5.268,5.239,5.494,6.019,7.269,6.142,4.23,5.1080000000000005,5.318,5.297999999999999,5.845,6.88,6.4620000000000015,4.0760000000000005,5.3660000000000005,6.027,5.746,6.68,7.119,5.593,4.018,4.828,5.3820000000000014,5.345,6.4670000000000005,6.416,3.846,4.836,4.967,4.896,5.669,6.489,5.956,3.548,4.725,4.687,4.598,4.01,5.636,3.343,0.8290000000000001,3.704,4.375,4.449,5.148,5.846
47,Tennessee,US,7.93,9.882,9.428,10.233,10.769,11.743,10.103,8.184,10.077,9.923,10.231,10.225,10.702,7.6320000000000014,5.539,8.322000000000001,7.2810000000000015,6.6720000000000015,7.108,6.925,4.135,2.137,4.4,3.346,4.558,5.003,5.4670000000000005,3.465,2.143,3.973,2.967,3.831,4.223,4.227,2.393,1.113,3.543,3.464,3.545,3.973,4.589,3.48,0.046,3.55,3.887,4.574,4.912,5.643,3.947,0.989,5.312,5.401,4.691,5.912000000000001,2.971,1.612,5.474,5.715,5.096,6.477,8.101,6.62,5.009,6.5760000000000005,6.881,8.088,7.411,7.1160000000000005,6.9510000000000005,6.0939999999999985,6.53,7.353,6.187,6.892,7.907999999999999,7.237999999999999,5.195,6.921,6.546,7.791,8.513,9.18,7.438,6.436,5.41,7.979,8.203,8.158,6.605,5.66,8.622,7.763,9.168,8.729,9.676,8.837,6.586,8.586,8.814,8.724,9.495,9.21,8.946,5.964,7.665,8.631,9.304,9.644,9.79,8.632,6.896,7.479,8.762,8.376,9.698,9.867,8.738,6.636,7.676,8.683,8.869,9.847,9.506,7.4289999999999985,6.3279999999999985,8.644,9.062,9.494,9.493,10.503,9.204,6.751,9.085,10.02,9.201,9.02,10.239,8.408,6.066,7.965,8.134,8.161,8.09,9.376,7.341,5.87,7.849,8.206,8.081,8.101,8.592,7.603,5.335,7.051,8.245,8.603,8.166,9.345,8.352,6.021,7.734,8.175,8.152999999999999,8.45,9.269,8.219,5.777,7.7120000000000015,8.305,8.184,8.759,9.869,8.193,6.29,8.2,8.646,8.456,8.676,8.482999999999999,7.625,5.29,7.2360000000000015,8.232000000000001,8.682,8.843,9.62,7.94,6.449,6.454,8.043,8.515,8.635,9.573,7.605,5.455,8.141,8.132,8.77,8.806000000000003,10.259,8.599,6.8279999999999985,7.726,8.09,8.291,8.253,9.502,8.684,6.732,8.152999999999999,8.939,9.617,10.377,10.867,8.84,6.509,7.616,8.765,9.032,9.186,6.6629999999999985,5.5870000000000015,7.983,8.709,9.059,9.284,10.227,9.484,6.755,8.35,8.702,8.783,8.81,10.031,7.9529999999999985,5.892,7.858,8.238999999999999,7.702000000000001,8.201,9.866
48,Texas,US,6.619,9.071,9.062,8.571,9.828,10.972,9.312,6.61,8.791,9.338,9.484,9.59,9.095,6.313,4.209,6.809,5.8889999999999985,5.158,5.065,5.386,2.46,1.133,3.697,3.425,2.604,2.519,2.919,1.195,0.526,1.589,2.286,2.398,2.213,2.449,0.458,0.16,1.837,2.188,2.326,2.272,2.924,1.364,0.117,2.27,2.333,2.821,3.071,3.545,2.046,0.5379999999999999,3.458,3.083,3.975,4.3180000000000005,2.935,1.474,3.4410000000000003,3.282,3.588,4.509,5.924,4.245,2.969,4.088,4.76,5.9670000000000005,4.829,5.497999999999998,4.631,3.554,3.982,4.622,4.0,4.171,5.2170000000000005,3.527,3.32,5.158,4.98,5.949,6.316,7.366,5.324,3.407,2.609,5.787000000000001,6.2810000000000015,6.239,4.731,3.752,6.197,6.117000000000001,6.783,6.796,7.677,6.496,4.1610000000000005,6.627000000000002,7.025,6.955,7.183,6.832000000000002,6.527,3.795,5.483,6.2,7.0920000000000005,7.27,7.601,5.752000000000002,4.2330000000000005,5.078,5.912000000000001,5.593,6.7029999999999985,6.8260000000000005,5.716,3.77,5.644,6.417999999999998,6.593,6.718,6.314,4.274,3.145,5.527,6.169,6.693,6.712999999999999,7.438,5.706,4.049,6.144,6.716,6.34,6.4460000000000015,7.004,5.648,3.619,5.363,5.545,5.787000000000001,5.835,6.871,3.981,2.7960000000000003,5.313,5.76,5.691,6.266,6.746,5.2639999999999985,2.987,5.101,6.121,6.559,6.138,7.27,6.095,3.729,5.988,6.3439999999999985,6.39,6.504,7.327000000000001,6.559,3.591,5.4460000000000015,6.375,6.209,6.789,7.92,6.301,4.232,6.244,6.692,5.851,5.561,7.433,6.341,3.689,5.626,6.346,6.658,6.893,7.7029999999999985,6.002999999999999,4.478,4.502,5.968,6.142,6.447,7.795,6.502000000000002,4.333,6.1960000000000015,6.131,6.877000000000002,7.044,8.453,6.744,4.19,5.166,4.676,6.343,7.153,8.16,7.332999999999998,4.613,6.519,7.3439999999999985,7.692,8.258,8.831,6.9910000000000005,4.484,6.0520000000000005,6.857,7.098,7.806,7.159,4.831,6.435,6.871,7.147,7.551,8.381,7.864,5.018,6.6720000000000015,6.994,7.039,7.17,8.152999999999999,7.0779999999999985,4.246,5.613,5.761,6.151,7.226,8.361
49,Utah,US,1.686,6.8820000000000014,7.03,7.068,7.444,8.079,6.102,2.415,6.7360000000000015,6.89,7.1320000000000014,7.276,6.926,4.31,1.585,5.542999999999998,4.731,2.498,3.047,3.346,1.501,0.083,2.545,2.3080000000000003,2.114,2.0340000000000003,2.317,0.426,0.037000000000000005,1.369,1.6880000000000002,1.477,1.44,2.005,0.595,0.036000000000000004,1.238,1.723,1.859,1.7009999999999998,2.6260000000000003,1.278,0.035,1.418,1.664,1.301,1.675,2.244,1.1740000000000002,0.037000000000000005,2.073,2.215,2.144,2.693,1.854,0.059,2.222,2.398,2.541,3.071,4.158,3.2310000000000003,0.711,2.8360000000000003,3.25,3.98,3.255,3.805,3.352,1.232,2.393,3.28,2.43,2.5,4.191,3.637,0.987,3.469,3.404,4.1160000000000005,4.993,5.63,3.861,2.428,3.988,4.527,4.666,4.85,2.31,1.878,4.67,4.638,4.908,4.856,5.511,4.072,0.55,4.583,4.997,5.254,5.426,5.055,4.886,1.392,3.918,4.3889999999999985,5.147,5.6160000000000005,6.049,4.8,2.583,4.357,5.096,4.5710000000000015,5.684,5.559,5.238,1.991,4.5760000000000005,5.189,5.848,6.098,5.709,4.26,2.0380000000000003,5.2860000000000005,5.4929999999999986,5.5360000000000005,5.533,6.313,5.0280000000000005,2.06,4.9289999999999985,5.2,5.105,5.4060000000000015,4.522,3.919,1.993,4.569,4.585,4.707,5.066,5.066,4.096,1.71,4.501,5.138,4.583,5.324,5.407,4.704,1.1740000000000002,4.387,4.856,5.522,5.083,6.153,5.516,1.878,5.03,5.247000000000001,5.482,5.438,5.948,5.589,1.44,4.373,5.294,4.897,5.626,6.355,5.061,2.007,5.26,5.276,5.267,5.404,6.124,5.528,2.0540000000000003,4.659,5.2029999999999985,5.4860000000000015,5.688,6.195,5.0139999999999985,1.896,4.468,3.889,5.117,5.3660000000000005,6.284,5.414,2.08,4.9830000000000005,4.864,5.434,5.5470000000000015,6.511,4.95,2.283,4.46,5.024,5.374,5.5070000000000014,6.3260000000000005,6.015,2.3680000000000003,5.146,5.645,6.01,6.294,6.796,4.703,1.497,5.0680000000000005,5.059,5.421,6.403,5.896,1.804,4.898,5.323,5.7,6.135,6.5920000000000005,5.9620000000000015,2.229,5.325,5.295,5.239,5.534,6.362,5.4129999999999985,1.142,4.322,4.938,5.125,5.435,5.832000000000002
50,Vermont,US,4.8610000000000015,5.852,5.316,5.903,6.108,7.4060000000000015,5.046,5.129,6.18,6.143,6.572,6.404,6.364,3.489,2.699,4.685,3.05,2.131,1.905,2.475,0.195,0.08199999999999999,0.489,0.201,0.862,0.117,0.336,0.059,0.031,0.05,0.172,0.202,0.062,0.133,0.098,0.041,0.24,0.203,0.11,0.046,0.07400000000000001,0.063,0.036000000000000004,0.044,0.08900000000000001,0.183,0.134,0.35200000000000004,0.07200000000000001,0.05,0.408,0.505,1.321,1.25,1.168,0.055,0.293,1.464,1.261,1.272,2.352,2.609,1.858,1.014,1.865,2.752,1.936,2.742,0.473,0.424,0.326,1.51,1.042,1.761,1.872,2.306,1.946,2.826,2.155,4.041,4.396,5.537000000000001,3.447,2.777,2.011,3.949,4.433,3.607,1.392,0.264,3.922,2.738,4.527,4.56,5.0939999999999985,3.75,2.481,4.752,4.6560000000000015,4.171,4.129,4.442,3.5660000000000003,1.6740000000000002,3.612,4.376,5.306,5.29,5.1560000000000015,3.927,3.224,3.555,4.932,4.33,5.657,5.569,3.99,1.958,2.853,4.7360000000000015,4.643,5.707000000000002,5.18,4.158,4.19,5.747999999999998,5.537000000000001,5.0939999999999985,5.479,5.742000000000001,2.904,2.854,4.655,4.662,5.138,4.897,4.61,3.959,2.585,4.195,4.674,4.551,3.705,5.613,3.774,2.5660000000000003,4.062,4.04,3.798,3.965,4.537,3.5010000000000003,0.6859999999999999,2.699,2.721,3.993,4.728,5.124,4.235,2.984,4.382,4.597,4.6930000000000005,4.452,5.556,5.47,2.378,4.018,3.842,3.982,4.873,6.049,4.771,3.074,4.0939999999999985,4.9689999999999985,5.5760000000000005,4.732,6.112,2.999,2.1180000000000003,3.76,4.27,4.65,5.218,5.349,4.015,3.381,3.29,4.137,4.41,4.385,5.6179999999999986,4.377,2.564,4.224,3.526,4.894,4.631,6.046,4.383,3.184,3.955,3.388,4.259,4.357,5.725,5.5,3.843,4.708,4.8610000000000015,4.901,6.787000000000001,5.627000000000002,4.1610000000000005,3.3510000000000004,3.153,4.652,3.539,3.97,4.118,3.766,4.909,3.4410000000000003,4.447,5.0360000000000005,4.632,4.168,2.412,4.066,4.083,3.782,4.0360000000000005,5.136,2.829,1.281,2.984,3.22,3.151,3.377,4.422
51,Virginia,US,5.2429999999999986,8.025,7.92,8.005,8.475,9.011,6.935,5.242000000000001,7.834,8.042,8.249,8.18,7.782,4.859,2.517,5.38,4.371,3.507,3.817,4.479,1.3019999999999998,0.487,1.607,2.049,1.141,2.013,2.435,0.718,0.335,1.483,0.54,0.6559999999999999,1.266,1.81,0.472,0.092,0.952,1.083,1.078,1.188,1.729,0.939,0.05,0.292,1.231,1.221,1.648,2.347,0.5479999999999999,0.151,2.044,2.709,2.102,2.508,1.163,0.138,1.849,2.137,2.458,1.85,3.727,2.923,1.459,2.674,2.594,3.357,2.899,3.369,2.254,1.914,1.801,2.724,2.153,2.105,3.779,3.1060000000000003,1.725,2.543,1.954,3.274,3.772,4.7189999999999985,3.47,2.252,1.714,3.948,4.274,3.697,3.002,1.46,4.634,3.817,5.47,4.752,5.222,4.494,2.9810000000000003,5.073,5.271,4.688,5.066,5.083,5.092,2.454,3.4560000000000004,3.819,4.664,5.325,5.528,4.089,3.55,3.849,5.371,5.207999999999998,5.816,6.331,5.556,3.332,4.273,5.823,5.657,6.268,6.112,4.308,3.384,5.144,5.698,6.28,6.04,6.619,5.665,4.801,5.638,6.74,6.091,5.9289999999999985,6.99,5.024,3.076,4.538,4.7360000000000015,4.8210000000000015,4.658,5.779,4.456,2.886,4.492,4.751,4.71,4.789,4.857,4.101,1.971,3.132,3.273,5.218,4.428,5.2860000000000005,4.938,3.117,4.916,5.184,4.7010000000000005,4.918,5.7620000000000005,4.547,2.216,4.609,5.257999999999999,5.107,5.852,6.859,5.268,3.773,5.223,5.745,5.849,5.5779999999999985,6.3,4.033,3.218,3.879,4.9,5.763,5.744,6.2810000000000015,4.961,3.842,3.4760000000000004,4.563,4.575,4.62,5.854,4.798,3.459,4.857,4.42,5.605,4.828,6.255,5.376,3.724,4.467,4.298,5.295,5.3020000000000005,5.724,5.19,3.614,5.164,5.247000000000001,6.537000000000001,7.037000000000001,7.127999999999999,5.672999999999999,3.571,4.105,5.34,5.667999999999998,5.533,4.892,2.485,3.963,4.971,5.644,6.086,6.2879999999999985,6.403,4.075,5.343,5.674,5.897,5.678,6.78,5.589,2.105,4.565,4.913,5.103,4.316,6.369
53,Washington,US,3.423,6.026,6.075,6.158,6.229,6.29,4.401,2.908,5.2860000000000005,5.502000000000002,5.488,5.414,5.269,2.502,1.536,3.827,2.793,2.7310000000000003,2.192,3.0610000000000004,0.359,0.067,1.051,0.378,0.322,0.055,0.069,0.036000000000000004,0.032,0.045,0.063,0.097,0.113,0.306,0.054000000000000006,0.036000000000000004,0.227,0.218,0.344,0.418,0.95,0.067,0.037000000000000005,0.3720000000000001,0.4,0.502,0.7440000000000001,1.3,0.058,0.05,0.245,0.086,0.231,0.552,0.052000000000000005,0.042,0.237,0.386,0.448,0.924,2.475,0.211,0.217,0.862,1.278,1.383,0.927,1.866,1.079,0.578,0.378,0.711,1.081,1.271,2.564,1.14,0.322,1.366,1.779,2.28,2.3280000000000003,3.3480000000000003,1.964,1.382,0.393,2.699,3.004,3.2510000000000003,0.21,1.077,2.76,3.025,2.955,3.027,3.658,2.541,1.118,3.352,2.84,3.648,3.66,3.115,2.614,2.1790000000000003,2.853,2.972,3.871,4.327,5.315,3.604,2.443,3.974,4.28,4.211,4.512,4.908,3.3360000000000003,2.435,3.964,4.144,4.601,4.944,4.722,2.906,2.524,4.132,4.048,4.292,4.28,5.247000000000001,3.974,2.928,3.944,4.2410000000000005,4.163,4.263,3.486,3.108,2.6860000000000004,3.607,3.556,3.506,3.429,4.324,3.087,2.291,3.577,3.835,3.569,4.017,4.256,3.173,1.517,3.287,3.901,4.194,3.319,4.598,3.408,2.585,3.857,3.958,3.951,4.104,4.852,4.1530000000000005,2.242,3.294,4.05,3.782,4.2189999999999985,5.0710000000000015,3.94,2.673,4.287,4.605,4.428,4.538,5.379,4.115,2.714,3.564,4.228,4.707,4.515,4.855,3.4730000000000003,2.806,2.6180000000000003,3.552,3.72,3.81,4.195,2.269,1.263,2.874,2.902,3.642,3.683,4.5680000000000005,3.474,2.54,3.899,3.636,3.625,3.799,4.2780000000000005,3.947,2.474,4.063,4.687,5.033,5.43,5.533,3.795,1.934,3.775,3.996,4.1080000000000005,4.868,3.241,1.703,3.31,3.448,4.1960000000000015,4.352,4.737,4.604,2.227,3.875,4.064,4.349,4.606,4.79,3.855,2.17,3.524,4.163,4.0710000000000015,4.212,4.619
54,West Virginia,US,5.619,7.584,7.614,7.723,8.024,8.453,7.001,5.606,7.5779999999999985,7.374,7.7639999999999985,7.935,8.42,5.348,3.573,6.2170000000000005,5.494,4.957,4.934,5.0760000000000005,1.746,0.57,2.527,2.0340000000000003,1.25,2.408,2.116,1.338,0.477,1.859,1.33,1.368,2.035,2.761,1.54,0.268,2.124,1.794,1.683,1.785,2.281,1.338,0.081,1.386,1.672,2.426,2.502,2.873,1.228,0.6629999999999999,2.754,3.594,2.785,3.076,2.003,0.17800000000000002,3.1260000000000003,3.354,3.425,4.114,4.867,4.272,2.233,4.734,4.2860000000000005,5.14,4.76,4.552,3.69,3.742,3.505,4.963,4.251,3.787,5.23,4.783,3.686,5.218,3.906,5.25,5.972,6.941,5.7029999999999985,4.507,4.089,6.226,6.617000000000001,6.152,4.176,2.799,6.809,5.43,7.452000000000001,6.645,7.13,6.274,5.103,7.011,6.994,6.374,7.216,6.8039999999999985,6.392,3.284,5.277,6.11,6.74,6.7810000000000015,6.771,5.994,5.3210000000000015,5.379,6.648,6.394,7.484,7.697999999999999,6.551,4.505,5.313,7.099,7.233,7.819,7.646,5.72,5.2639999999999985,6.613,6.917000000000002,7.6960000000000015,7.377999999999999,7.917999999999998,6.746,5.836,6.917999999999998,7.678,7.151,6.731,7.274,5.849,4.096,5.818,6.041,5.814,5.525,7.07,5.278,4.006,5.707000000000002,5.747000000000001,5.898,5.544,5.9689999999999985,5.001,2.802,4.868,6.14,6.476,5.737,6.695,6.121,4.487,6.135,6.27,5.954,6.159,6.805,5.519,3.652,5.516,5.888,6.081,6.5139999999999985,7.6389999999999985,6.101,4.444,6.0779999999999985,6.478,6.651,6.274,7.072,5.18,4.164,4.839,6.086,6.735,6.513,7.127999999999999,5.63,4.63,4.627,5.9,6.084,5.947,6.747999999999998,5.269,3.752,5.739,5.867000000000001,6.6560000000000015,6.477,7.59,6.17,4.512,5.4689999999999985,5.65,6.0539999999999985,6.3889999999999985,7.089,6.044,4.5360000000000005,6.191,6.528,7.26,8.078,8.435,6.1389999999999985,4.131,4.872,6.2429999999999986,6.569,5.985,5.714,3.281,5.037,5.839,6.29,6.55,7.053,6.8370000000000015,4.48,6.011,6.098,6.337999999999999,6.431,7.519,5.202000000000001,2.986,5.4289999999999985,5.566,5.681,5.3820000000000014,6.606
55,Wisconsin,US,4.138,6.457000000000002,6.627000000000002,6.638,6.914,7.9860000000000015,5.985,4.162,6.03,6.568,6.601,6.746,7.343,4.085,2.322,5.088,4.222,2.892,2.5540000000000003,3.123,0.339,0.052000000000000005,1.974,1.165,0.713,0.593,1.231,0.043,0.035,0.574,0.604,0.872,1.277,1.474,0.198,0.062,0.765,1.248,0.7929999999999999,0.725,1.601,0.527,0.033,0.312,0.597,0.939,1.172,1.934,0.7390000000000001,0.068,2.009,2.347,2.354,2.55,1.088,0.627,1.786,2.026,1.66,3.472,4.83,3.585,2.838,2.759,3.0410000000000004,4.374,3.295,3.967,3.1910000000000003,0.99,2.169,3.608,2.488,2.152,4.698,3.67,0.298,3.043,2.995,5.011,5.4860000000000015,6.471,3.401,3.668,2.922,4.873,5.294,4.408,3.671,3.4360000000000004,5.131,5.09,6.127999999999999,6.0539999999999985,6.8870000000000005,5.738,4.016,6.239,5.5070000000000014,5.189,6.334,6.053,5.627000000000002,3.788,4.895,5.739,6.832999999999998,6.853,7.042999999999998,4.072,5.082,4.664,6.157,5.638,7.193,6.482,6.516,5.473,5.127999999999999,6.849,6.943,7.267,6.505,4.566,4.93,6.017,6.14,6.718,6.106,7.773,6.0920000000000005,6.084,6.422999999999999,6.348,5.73,6.752000000000002,7.181,4.518,4.317,5.69,5.509,6.009,5.746,7.1770000000000005,4.793,3.533,5.2639999999999985,5.607,5.598,5.994,6.3279999999999985,4.902,2.56,4.4460000000000015,5.687,6.17,5.824,6.9129999999999985,4.933,3.3480000000000003,4.919,6.021,6.061,6.084,6.949,5.752000000000002,4.122,5.283,5.801,5.716,6.441,7.93,5.732,4.894,5.981,5.9860000000000015,6.4110000000000005,6.3210000000000015,6.676,5.982,4.614,5.101,5.566,6.229,6.2410000000000005,7.0939999999999985,5.04,3.182,4.16,4.74,5.125,5.309,6.547999999999999,4.346,3.761,5.252000000000002,5.101,5.9620000000000015,6.022,7.49,5.721,4.083,4.912,5.0310000000000015,5.75,5.75,7.002999999999999,5.975,3.61,5.322,6.06,6.4129999999999985,7.063,7.352,4.847,3.553,4.502,5.416,5.692,6.595,5.965,3.875,4.493,5.209,5.38,5.792999999999998,6.671,5.553,2.7880000000000003,4.985,5.048,5.23,4.784,6.1160000000000005,4.617,1.733,4.306,4.8580000000000005,4.989,5.303,6.2639999999999985
56,Wyoming,US,2.16,3.535,3.644,4.02,4.231,4.9030000000000005,3.998,2.696,4.09,4.169,4.3,4.422,4.56,2.834,2.261,3.64,3.434,3.381,2.263,2.616,1.916,0.972,2.619,2.513,2.462,2.381,2.381,1.09,0.81,2.182,2.19,2.187,1.3159999999999998,1.997,1.186,0.65,1.894,2.201,2.42,2.262,2.7880000000000003,0.991,0.039,1.348,1.638,1.837,1.097,2.592,1.902,0.573,2.753,3.2060000000000004,2.714,2.664,2.395,1.121,2.543,2.69,2.971,3.498,4.065,3.133,2.366,2.9760000000000004,3.319,3.814,3.053,3.662,2.83,2.535,2.617,3.172,2.838,3.088,3.724,3.698,3.208,3.695,3.543,4.15,4.414,5.215,3.628,2.972,3.399,4.188,4.412,4.633,3.367,4.0760000000000005,4.622,4.455,4.86,4.801,5.496,4.392,3.605,4.681,4.62,5.115,5.332999999999998,5.13,5.228,4.322,4.464,4.3580000000000005,5.11,5.371,5.377999999999999,5.2010000000000005,4.72,4.508,5.244,5.092,5.526,5.814,5.85,5.063,5.154,5.198,5.704,6.207000000000002,6.276,4.847,5.075,5.312,5.224,5.533,5.902,6.4860000000000015,5.654,5.3279999999999985,4.944,5.106,5.0360000000000005,5.233,5.006,5.115,4.357,4.846,4.632,5.064,4.641,5.5539999999999985,4.566,4.4030000000000005,4.698,4.4,4.7780000000000005,5.006,5.363,5.033,3.5780000000000003,4.227,4.64,5.306,5.166,5.785,5.9060000000000015,4.471,5.053,4.875,5.3870000000000005,5.063,5.716,5.901,4.24,4.409,4.779,4.681,5.08,5.778,5.066,3.891,4.624,4.5360000000000005,4.625,4.7360000000000015,5.445,5.214,3.214,4.064,4.522,4.9689999999999985,4.9860000000000015,5.452000000000001,4.584,3.907,3.776,2.829,4.276,4.4110000000000005,5.107,4.676,3.786,4.584,4.291,4.935,4.947,5.863,4.519,3.691,4.357,4.246,4.7189999999999985,4.935,5.377000000000002,4.543,3.052,4.474,4.918,5.098,5.665,6.01,4.5760000000000005,3.273,4.316,4.378,4.724,4.845,4.651,2.556,3.805,4.195,4.125,4.563,5.004,4.465,2.56,4.0939999999999985,4.184,4.302,3.789,4.641,2.952,0.14800000000000002,3.128,3.932,3.889,4.154,4.283
